ts_recv,ts_event,rtype,publisher_id,instrument_id,action,side,depth,price,size,flags,ts_in_delta,sequence,symbol
2026-06-01 09:30:00.026459064-04:00,2026-06-01 13:30:00.026287682+00:00,0,2,38,T,N,0,309.31,100,128,171382,49493439,AAPL
2026-06-01 09:30:00.026503799-04:00,2026-06-01 13:30:00.026320906+00:00,0,2,38,T,N,0,309.31,85,128,182893,49493464,AAPL
2026-06-01 09:30:00.101278605-04:00,2026-06-01 13:30:00.101104817+00:00,0,2,38,T,N,0,309.31,200,128,173788,49538791,AAPL
2026-06-01 09:30:00.101741622-04:00,2026-06-01 13:30:00.101567604+00:00,0,2,38,T,N,0,309.31,100,128,174018,49539461,AAPL
2026-06-01 09:30:00.109293272-04:00,2026-06-01 13:30:00.109125573+00:00,0,2,38,T,N,0,309.31,100,128,167699,49544896,AAPL
2026-06-01 09:30:00.114062951-04:00,2026-06-01 13:30:00.113892614+00:00,0,2,38,T,N,0,309.31,100,128,170337,49549866,AAPL
2026-06-01 09:30:00.124954462-04:00,2026-06-01 13:30:00.124776316+00:00,0,2,38,T,N,0,309.31,200,128,178146,49556722,AAPL
2026-06-01 09:30:00.125189704-04:00,2026-06-01 13:30:00.125015178+00:00,0,2,38,T,N,0,309.31,200,128,174526,49556936,AAPL
2026-06-01 09:30:00.125600794-04:00,2026-06-01 13:30:00.125421737+00:00,0,2,38,T,N,0,309.31,100,128,179057,49557324,AAPL
2026-06-01 09:30:00.138519003-04:00,2026-06-01 13:30:00.138345992+00:00,0,2,38,T,N,0,309.31,200,128,173011,49563881,AAPL
2026-06-01 09:30:00.139815971-04:00,2026-06-01 13:30:00.139642143+00:00,0,2,38,T,N,0,309.31,2911,0,173828,49565105,AAPL
2026-06-01 09:30:00.139815971-04:00,2026-06-01 13:30:00.139642143+00:00,0,2,38,T,N,0,309.37,3375,0,173828,49565106,AAPL
2026-06-01 09:30:00.139815971-04:00,2026-06-01 13:30:00.139642143+00:00,0,2,38,T,B,0,309.76,22,0,173828,49565107,AAPL
2026-06-01 09:30:00.139815971-04:00,2026-06-01 13:30:00.139642143+00:00,0,2,38,T,N,0,309.76,200,128,173828,49565108,AAPL
2026-06-01 09:30:00.142128566-04:00,2026-06-01 13:30:00.141953465+00:00,0,2,38,T,N,0,309.76,200,128,175101,49567963,AAPL
2026-06-01 09:30:00.144014502-04:00,2026-06-01 13:30:00.143842148+00:00,0,2,38,T,N,0,309.76,100,128,172354,49570596,AAPL
2026-06-01 09:30:00.145163153-04:00,2026-06-01 13:30:00.144990672+00:00,0,2,38,T,N,0,309.76,100,128,172481,49572336,AAPL
2026-06-01 09:30:00.147525526-04:00,2026-06-01 13:30:00.147350932+00:00,0,2,38,T,N,0,309.76,200,128,174594,49575551,AAPL
2026-06-01 09:30:00.148624716-04:00,2026-06-01 13:30:00.148452443+00:00,0,2,38,T,N,0,309.76,100,128,172273,49577185,AAPL
2026-06-01 09:30:00.151669054-04:00,2026-06-01 13:30:00.151495946+00:00,0,2,38,T,N,0,309.76,100,128,173108,49581814,AAPL
2026-06-01 09:30:00.152309075-04:00,2026-06-01 13:30:00.152135277+00:00,0,2,38,T,N,0,309.76,200,128,173798,49582861,AAPL
2026-06-01 09:30:00.153871853-04:00,2026-06-01 13:30:00.153701935+00:00,0,2,38,T,N,0,309.76,100,128,169918,49585023,AAPL
2026-06-01 09:30:00.155991913-04:00,2026-06-01 13:30:00.155818290+00:00,0,2,38,T,N,0,309.76,20,128,173623,49587513,AAPL
2026-06-01 09:30:00.157104030-04:00,2026-06-01 13:30:00.156934126+00:00,0,2,38,T,N,0,309.76,100,128,169904,49588779,AAPL
2026-06-01 09:30:00.157341770-04:00,2026-06-01 13:30:00.157170366+00:00,0,2,38,T,N,0,309.76,100,128,171404,49589020,AAPL
2026-06-01 09:30:00.157352977-04:00,2026-06-01 13:30:00.157181452+00:00,0,2,38,T,N,0,309.76,200,128,171525,49589034,AAPL
2026-06-01 09:30:00.158960801-04:00,2026-06-01 13:30:00.158792405+00:00,0,2,38,T,N,0,309.76,20,128,168396,49591009,AAPL
2026-06-01 09:30:00.160004769-04:00,2026-06-01 13:30:00.159836749+00:00,0,2,38,T,N,0,309.76,29,128,168020,49591386,AAPL
2026-06-01 09:30:00.317866745-04:00,2026-06-01 13:30:00.317698407+00:00,0,2,38,T,B,0,309.5,178,0,168338,49750446,AAPL
2026-06-01 09:30:00.503101600-04:00,2026-06-01 13:30:00.502918282+00:00,0,2,38,T,N,0,309.52,2,128,183318,49842859,AAPL
2026-06-01 09:30:00.548287257-04:00,2026-06-01 13:30:00.548112570+00:00,0,2,38,T,N,0,309.52,2,128,174687,49874661,AAPL
2026-06-01 09:30:00.548349741-04:00,2026-06-01 13:30:00.548179311+00:00,0,2,38,T,N,0,309.52,76,0,170430,49874712,AAPL
2026-06-01 09:30:00.548349741-04:00,2026-06-01 13:30:00.548179311+00:00,0,2,38,T,N,0,309.51,6,0,170430,49874713,AAPL
2026-06-01 09:30:00.548349741-04:00,2026-06-01 13:30:00.548179311+00:00,0,2,38,T,N,0,309.51,24,128,170430,49874714,AAPL
2026-06-01 09:30:00.548355602-04:00,2026-06-01 13:30:00.548179311+00:00,0,2,38,T,N,0,309.51,34,128,176291,49874715,AAPL
2026-06-01 09:30:00.555550773-04:00,2026-06-01 13:30:00.555381222+00:00,0,2,38,T,A,0,309.5,2,0,169551,49879028,AAPL
2026-06-01 09:30:00.556437538-04:00,2026-06-01 13:30:00.556255727+00:00,0,2,38,T,A,0,309.49,18,0,181811,49879489,AAPL
2026-06-01 09:30:00.613559845-04:00,2026-06-01 13:30:00.613388934+00:00,0,2,38,T,N,0,309.51,1,128,170911,49904521,AAPL
2026-06-01 09:30:00.695710317-04:00,2026-06-01 13:30:00.695535707+00:00,0,2,38,T,N,0,309.54,11,128,174610,49957908,AAPL
2026-06-01 09:30:01.002547818-04:00,2026-06-01 13:30:01.002377651+00:00,0,2,38,T,N,0,309.69,4,128,170167,50119662,AAPL
2026-06-01 09:30:01.003032007-04:00,2026-06-01 13:30:01.002856694+00:00,0,2,38,T,B,0,309.7,4,0,175313,50120222,AAPL
2026-06-01 09:30:01.003039069-04:00,2026-06-01 13:30:01.002862228+00:00,0,2,38,T,N,0,309.7,4,128,176841,50120230,AAPL
2026-06-01 09:30:01.004698165-04:00,2026-06-01 13:30:01.004445674+00:00,0,2,38,T,N,0,309.63,134,128,252491,50121127,AAPL
2026-06-01 09:30:01.004711449-04:00,2026-06-01 13:30:01.004465093+00:00,0,2,38,T,N,0,309.63,68,128,246356,50121144,AAPL
2026-06-01 09:30:01.009636308-04:00,2026-06-01 13:30:01.009467202+00:00,0,2,38,T,N,0,309.65,35,128,169106,50125716,AAPL
2026-06-01 09:30:01.012446813-04:00,2026-06-01 13:30:01.012278738+00:00,0,2,38,T,B,0,309.76,20,0,168075,50126729,AAPL
2026-06-01 09:30:01.017002996-04:00,2026-06-01 13:30:01.016832005+00:00,0,2,38,T,N,0,309.76,1,128,170991,50131378,AAPL
2026-06-01 09:30:01.018819212-04:00,2026-06-01 13:30:01.018646873+00:00,0,2,38,T,N,0,309.76,1,128,172339,50133157,AAPL
2026-06-01 09:30:01.024617704-04:00,2026-06-01 13:30:01.024447063+00:00,0,2,38,T,N,0,309.76,1,128,170641,50136984,AAPL
2026-06-01 09:30:01.025282792-04:00,2026-06-01 13:30:01.025112657+00:00,0,2,38,T,N,0,309.76,155,128,170135,50137600,AAPL
2026-06-01 09:30:01.031253413-04:00,2026-06-01 13:30:01.031075434+00:00,0,2,38,T,N,0,309.86,1,128,177979,50144548,AAPL
2026-06-01 09:30:01.042322993-04:00,2026-06-01 13:30:01.042150875+00:00,0,2,38,T,N,0,309.76,5,128,172118,50155355,AAPL
2026-06-01 09:30:01.044676212-04:00,2026-06-01 13:30:01.044504095+00:00,0,2,38,T,N,0,309.76,1,128,172117,50157283,AAPL
2026-06-01 09:30:01.045061713-04:00,2026-06-01 13:30:01.044890564+00:00,0,2,38,T,N,0,309.76,1,128,171149,50157371,AAPL
2026-06-01 09:30:01.045615016-04:00,2026-06-01 13:30:01.045443938+00:00,0,2,38,T,N,0,309.76,1,128,171078,50157898,AAPL
2026-06-01 09:30:01.056893984-04:00,2026-06-01 13:30:01.056719833+00:00,0,2,38,T,N,0,309.76,160,128,174151,50166076,AAPL
2026-06-01 09:30:01.059525917-04:00,2026-06-01 13:30:01.059339352+00:00,0,2,38,T,N,0,309.76,64,128,186565,50167443,AAPL
2026-06-01 09:30:01.070854657-04:00,2026-06-01 13:30:01.070686780+00:00,0,2,38,T,N,0,309.76,3,128,167877,50176947,AAPL
2026-06-01 09:30:01.073759674-04:00,2026-06-01 13:30:01.073592057+00:00,0,2,38,T,N,0,309.76,40,128,167617,50177381,AAPL
2026-06-01 09:30:01.077590195-04:00,2026-06-01 13:30:01.077412968+00:00,0,2,38,T,N,0,309.76,6,128,177227,50178468,AAPL
2026-06-01 09:30:01.079099480-04:00,2026-06-01 13:30:01.078924254+00:00,0,2,38,T,N,0,309.76,1,128,175226,50180541,AAPL
2026-06-01 09:30:01.079419294-04:00,2026-06-01 13:30:01.079246604+00:00,0,2,38,T,N,0,309.76,4,128,172690,50180932,AAPL
2026-06-01 09:30:01.079795685-04:00,2026-06-01 13:30:01.079609957+00:00,0,2,38,T,N,0,309.76,2,128,185728,50181378,AAPL
2026-06-01 09:30:01.085583797-04:00,2026-06-01 13:30:01.085415901+00:00,0,2,38,T,N,0,309.76,3,128,167896,50187594,AAPL
2026-06-01 09:30:01.087773195-04:00,2026-06-01 13:30:01.087595361+00:00,0,2,38,T,N,0,309.76,1,128,177834,50188586,AAPL
2026-06-01 09:30:01.090524025-04:00,2026-06-01 13:30:01.090354877+00:00,0,2,38,T,N,0,309.76,9,128,169148,50191200,AAPL
2026-06-01 09:30:01.098643797-04:00,2026-06-01 13:30:01.098470566+00:00,0,2,38,T,N,0,309.76,19,128,173231,50194034,AAPL
2026-06-01 09:30:01.098690471-04:00,2026-06-01 13:30:01.098522289+00:00,0,2,38,T,N,0,309.76,1,128,168182,50194063,AAPL
2026-06-01 09:30:01.100954559-04:00,2026-06-01 13:30:01.100786897+00:00,0,2,38,T,N,0,309.76,1,128,167662,50194777,AAPL
2026-06-01 09:30:01.104329979-04:00,2026-06-01 13:30:01.104146417+00:00,0,2,38,T,N,0,309.76,3,128,183562,50197489,AAPL
2026-06-01 09:30:01.104560058-04:00,2026-06-01 13:30:01.104387580+00:00,0,2,38,T,N,0,309.76,3,128,172478,50197797,AAPL
2026-06-01 09:30:01.104804248-04:00,2026-06-01 13:30:01.104626612+00:00,0,2,38,T,N,0,309.76,12,128,177636,50198101,AAPL
2026-06-01 09:30:01.105121065-04:00,2026-06-01 13:30:01.104947173+00:00,0,2,38,T,N,0,309.76,6,128,173892,50198569,AAPL
2026-06-01 09:30:01.107063638-04:00,2026-06-01 13:30:01.106894988+00:00,0,2,38,T,N,0,309.76,2,128,168650,50201741,AAPL
2026-06-01 09:30:01.109963998-04:00,2026-06-01 13:30:01.109792999+00:00,0,2,38,T,N,0,309.76,32,128,170999,50204219,AAPL
2026-06-01 09:30:01.111034532-04:00,2026-06-01 13:30:01.110864693+00:00,0,2,38,T,N,0,309.76,3,128,169839,50204703,AAPL
2026-06-01 09:30:01.111424845-04:00,2026-06-01 13:30:01.111257233+00:00,0,2,38,T,N,0,309.76,14,128,167612,50204825,AAPL
2026-06-01 09:30:01.112116166-04:00,2026-06-01 13:30:01.111948511+00:00,0,2,38,T,N,0,309.76,3,128,167655,50204964,AAPL
2026-06-01 09:30:01.112650352-04:00,2026-06-01 13:30:01.112477840+00:00,0,2,38,T,N,0,309.76,3,128,172512,50205306,AAPL
2026-06-01 09:30:01.113160695-04:00,2026-06-01 13:30:01.112987732+00:00,0,2,38,T,N,0,309.76,48,128,172963,50206022,AAPL
2026-06-01 09:30:01.113630325-04:00,2026-06-01 13:30:01.113460610+00:00,0,2,38,T,N,0,309.76,19,128,169715,50206383,AAPL
2026-06-01 09:30:01.113754948-04:00,2026-06-01 13:30:01.113583283+00:00,0,2,38,T,N,0,309.76,2,128,171665,50206541,AAPL
2026-06-01 09:30:01.123608705-04:00,2026-06-01 13:30:01.123083224+00:00,0,2,38,T,N,0,309.76,3,0,525481,50206985,AAPL
2026-06-01 09:30:01.123608705-04:00,2026-06-01 13:30:01.123083793+00:00,0,2,38,T,N,0,309.76,3,128,524912,50206987,AAPL
2026-06-01 09:30:01.124440914-04:00,2026-06-01 13:30:01.124247174+00:00,0,2,38,T,N,0,309.76,6,128,193740,50208640,AAPL
2026-06-01 09:30:01.124832264-04:00,2026-06-01 13:30:01.124662227+00:00,0,2,38,T,N,0,309.76,64,128,170037,50209119,AAPL
2026-06-01 09:30:01.124881749-04:00,2026-06-01 13:30:01.124710226+00:00,0,2,38,T,N,0,309.76,36,128,171523,50209170,AAPL
2026-06-01 09:30:01.127524179-04:00,2026-06-01 13:30:01.127349015+00:00,0,2,38,T,N,0,309.7,4,128,175164,50212019,AAPL
2026-06-01 09:30:01.128724890-04:00,2026-06-01 13:30:01.128552083+00:00,0,2,38,T,N,0,309.7,9,128,172807,50213495,AAPL
2026-06-01 09:30:01.129297577-04:00,2026-06-01 13:30:01.129124475+00:00,0,2,38,T,N,0,309.7,19,128,173102,50213994,AAPL
2026-06-01 09:30:01.130063409-04:00,2026-06-01 13:30:01.129892809+00:00,0,2,38,T,N,0,309.7,4,128,170600,50214454,AAPL
2026-06-01 09:30:01.133246469-04:00,2026-06-01 13:30:01.133073099+00:00,0,2,38,T,N,0,309.7,12,128,173370,50216325,AAPL
2026-06-01 09:30:01.133279903-04:00,2026-06-01 13:30:01.133111113+00:00,0,2,38,T,N,0,309.7,252,128,168790,50216344,AAPL
2026-06-01 09:30:01.133760858-04:00,2026-06-01 13:30:01.133592570+00:00,0,2,38,T,N,0,309.67,32,128,168288,50216585,AAPL
2026-06-01 09:30:01.135479115-04:00,2026-06-01 13:30:01.135310702+00:00,0,2,38,T,N,0,309.67,1,128,168413,50217727,AAPL
2026-06-01 09:30:01.136495265-04:00,2026-06-01 13:30:01.136324609+00:00,0,2,38,T,N,0,309.67,12,128,170656,50218290,AAPL
2026-06-01 09:30:01.139027786-04:00,2026-06-01 13:30:01.138860013+00:00,0,2,38,T,N,0,309.67,3,128,167773,50219770,AAPL
2026-06-01 09:30:01.140616210-04:00,2026-06-01 13:30:01.140440996+00:00,0,2,38,T,N,0,309.67,1,128,175214,50220681,AAPL
2026-06-01 09:30:01.145484134-04:00,2026-06-01 13:30:01.145313667+00:00,0,2,38,T,N,0,309.67,51,0,170467,50225646,AAPL
2026-06-01 09:30:01.145484134-04:00,2026-06-01 13:30:01.145313667+00:00,0,2,38,T,N,0,309.64,40,128,170467,50225647,AAPL
2026-06-01 09:30:01.378481776-04:00,2026-06-01 13:30:01.378308124+00:00,0,2,38,T,N,0,309.65,16,128,173652,50452150,AAPL
2026-06-01 09:30:01.383589472-04:00,2026-06-01 13:30:01.383417945+00:00,0,2,38,T,N,0,309.65,84,0,171527,50457823,AAPL
2026-06-01 09:30:01.383589472-04:00,2026-06-01 13:30:01.383417945+00:00,0,2,38,T,N,0,309.64,5,128,171527,50457824,AAPL
2026-06-01 09:30:01.390159966-04:00,2026-06-01 13:30:01.389990496+00:00,0,2,38,T,N,0,309.67,50,128,169470,50466902,AAPL
2026-06-01 09:30:01.391994347-04:00,2026-06-01 13:30:01.391818350+00:00,0,2,38,T,N,0,309.67,1,128,175997,50468606,AAPL
2026-06-01 09:30:01.427011727-04:00,2026-06-01 13:30:01.426813463+00:00,0,2,38,T,N,0,309.65,6,128,198264,50489121,AAPL
2026-06-01 09:30:01.444582732-04:00,2026-06-01 13:30:01.444414902+00:00,0,2,38,T,N,0,309.65,11,128,167830,50504297,AAPL
2026-06-01 09:30:01.450623986-04:00,2026-06-01 13:30:01.450455443+00:00,0,2,38,T,N,0,309.65,64,128,168543,50507957,AAPL
2026-06-01 09:30:01.477665349-04:00,2026-06-01 13:30:01.477489136+00:00,0,2,38,T,N,0,309.85,1,128,176213,50527662,AAPL
2026-06-01 09:30:01.598169410-04:00,2026-06-01 13:30:01.597998147+00:00,0,2,38,T,N,0,309.87,320,0,171263,50604276,AAPL
2026-06-01 09:30:01.598169410-04:00,2026-06-01 13:30:01.597998147+00:00,0,2,38,T,N,0,309.87,320,0,171263,50604277,AAPL
2026-06-01 09:30:01.598169410-04:00,2026-06-01 13:30:01.597998147+00:00,0,2,38,T,N,0,309.87,280,128,171263,50604278,AAPL
2026-06-01 09:30:01.598834555-04:00,2026-06-01 13:30:01.598661449+00:00,0,2,38,T,N,0,309.68,90,128,173106,50604609,AAPL
2026-06-01 09:30:01.599263809-04:00,2026-06-01 13:30:01.599091567+00:00,0,2,38,T,N,0,309.87,40,0,172242,50604960,AAPL
2026-06-01 09:30:01.599263809-04:00,2026-06-01 13:30:01.599091567+00:00,0,2,38,T,N,0,309.87,320,0,172242,50604961,AAPL
2026-06-01 09:30:01.599263809-04:00,2026-06-01 13:30:01.599091567+00:00,0,2,38,T,N,0,309.87,80,128,172242,50604962,AAPL
2026-06-01 09:30:01.599700011-04:00,2026-06-01 13:30:01.599521867+00:00,0,2,38,T,N,0,309.85,100,0,178144,50605215,AAPL
2026-06-01 09:30:01.599700011-04:00,2026-06-01 13:30:01.599521867+00:00,0,2,38,T,B,0,309.88,30,0,178144,50605216,AAPL
2026-06-01 09:30:01.599700011-04:00,2026-06-01 13:30:01.599521867+00:00,0,2,38,T,B,0,309.88,350,0,178144,50605217,AAPL
2026-06-01 09:30:01.599728154-04:00,2026-06-01 13:30:01.599553886+00:00,0,2,38,T,B,0,309.88,1,0,174268,50605240,AAPL
2026-06-01 09:30:01.599728154-04:00,2026-06-01 13:30:01.599556491+00:00,0,2,38,T,B,0,309.88,200,0,171663,50605245,AAPL
2026-06-01 09:30:01.599782362-04:00,2026-06-01 13:30:01.599610253+00:00,0,2,38,T,B,0,309.88,80,0,172109,50605288,AAPL
2026-06-01 09:30:01.600697087-04:00,2026-06-01 13:30:01.600528269+00:00,0,2,38,T,B,0,309.88,61,0,168818,50605774,AAPL
2026-06-01 09:30:01.605760479-04:00,2026-06-01 13:30:01.605584167+00:00,0,2,38,T,B,0,309.88,160,0,176312,50608324,AAPL
2026-06-01 09:30:01.615231036-04:00,2026-06-01 13:30:01.615050201+00:00,0,2,38,T,B,0,309.88,1,0,180835,50612221,AAPL
2026-06-01 09:30:01.651682668-04:00,2026-06-01 13:30:01.651511591+00:00,0,2,38,T,B,0,309.76,4,0,171077,50633195,AAPL
2026-06-01 09:30:01.815879167-04:00,2026-06-01 13:30:01.810233596+00:00,0,2,38,T,N,0,309.68,100,0,5645571,50734599,AAPL
2026-06-01 09:30:01.815879167-04:00,2026-06-01 13:30:01.810233596+00:00,0,2,38,T,N,0,309.49,754595,0,5645571,50734600,AAPL
2026-06-01 09:30:01.816132545-04:00,2026-06-01 13:30:01.815740927+00:00,0,2,38,T,B,0,309.5,25,0,391618,50735074,AAPL
2026-06-01 09:30:01.816132545-04:00,2026-06-01 13:30:01.815740927+00:00,0,2,38,T,B,0,309.5,17,0,391618,50735075,AAPL
2026-06-01 09:30:01.816132545-04:00,2026-06-01 13:30:01.815742889+00:00,0,2,38,T,B,0,309.5,58,0,389656,50735080,AAPL
2026-06-01 09:30:01.816132545-04:00,2026-06-01 13:30:01.815742889+00:00,0,2,38,T,B,0,309.51,5,0,389656,50735081,AAPL
2026-06-01 09:30:01.816138633-04:00,2026-06-01 13:30:01.815742889+00:00,0,2,38,T,B,0,309.51,8,0,395744,50735082,AAPL
2026-06-01 09:30:01.816138633-04:00,2026-06-01 13:30:01.815742889+00:00,0,2,38,T,B,0,309.54,200,0,395744,50735083,AAPL
2026-06-01 09:30:01.816138633-04:00,2026-06-01 13:30:01.815744497+00:00,0,2,38,T,B,0,309.6,1,0,394136,50735084,AAPL
2026-06-01 09:30:01.816138633-04:00,2026-06-01 13:30:01.815744497+00:00,0,2,38,T,B,0,309.6,32,0,394136,50735085,AAPL
2026-06-01 09:30:01.816138633-04:00,2026-06-01 13:30:01.815744497+00:00,0,2,38,T,B,0,309.61,1,0,394136,50735086,AAPL
2026-06-01 09:30:01.816138633-04:00,2026-06-01 13:30:01.815744497+00:00,0,2,38,T,B,0,309.62,20,0,394136,50735087,AAPL
2026-06-01 09:30:01.816138633-04:00,2026-06-01 13:30:01.815744497+00:00,0,2,38,T,B,0,309.66,50,0,394136,50735088,AAPL
2026-06-01 09:30:01.816138633-04:00,2026-06-01 13:30:01.815744497+00:00,0,2,38,T,B,0,309.66,3,0,394136,50735089,AAPL
2026-06-01 09:30:01.816138633-04:00,2026-06-01 13:30:01.815744497+00:00,0,2,38,T,B,0,309.67,5,0,394136,50735090,AAPL
2026-06-01 09:30:01.816555097-04:00,2026-06-01 13:30:01.816221349+00:00,0,2,38,T,B,0,309.69,53,0,333748,50735781,AAPL
2026-06-01 09:30:01.816667911-04:00,2026-06-01 13:30:01.816408899+00:00,0,2,38,T,B,0,309.69,1,0,259012,50735988,AAPL
2026-06-01 09:30:01.816667911-04:00,2026-06-01 13:30:01.816408899+00:00,0,2,38,T,B,0,309.7,9,0,259012,50735989,AAPL
2026-06-01 09:30:01.816667911-04:00,2026-06-01 13:30:01.816408899+00:00,0,2,38,T,B,0,309.7,32,0,259012,50735990,AAPL
2026-06-01 09:30:01.816667911-04:00,2026-06-01 13:30:01.816408899+00:00,0,2,38,T,B,0,309.7,11,0,259012,50735991,AAPL
2026-06-01 09:30:01.816713533-04:00,2026-06-01 13:30:01.816489936+00:00,0,2,38,T,B,0,309.7,1,0,223597,50736081,AAPL
2026-06-01 09:30:01.816819944-04:00,2026-06-01 13:30:01.816644883+00:00,0,2,38,T,N,0,309.69,1,128,175061,50736291,AAPL
2026-06-01 09:30:01.819257535-04:00,2026-06-01 13:30:01.819089364+00:00,0,2,38,T,N,0,309.75,50,128,168171,50737746,AAPL
2026-06-01 09:30:01.821779152-04:00,2026-06-01 13:30:01.821606619+00:00,0,2,38,T,N,0,309.75,40,128,172533,50738772,AAPL
2026-06-01 09:30:01.885409993-04:00,2026-06-01 13:30:01.885241989+00:00,0,2,38,T,B,0,309.76,7,0,168004,50765198,AAPL
2026-06-01 09:30:01.889855870-04:00,2026-06-01 13:30:01.889682552+00:00,0,2,38,T,B,0,309.77,5,0,173318,50766810,AAPL
2026-06-01 09:30:01.890120947-04:00,2026-06-01 13:30:01.889946052+00:00,0,2,38,T,N,0,309.78,1,0,174895,50766903,AAPL
2026-06-01 09:30:01.890120947-04:00,2026-06-01 13:30:01.889946052+00:00,0,2,38,T,N,0,309.78,24,0,174895,50766904,AAPL
2026-06-01 09:30:01.890120947-04:00,2026-06-01 13:30:01.889946052+00:00,0,2,38,T,N,0,309.79,24,0,174895,50766905,AAPL
2026-06-01 09:30:01.890120947-04:00,2026-06-01 13:30:01.889946052+00:00,0,2,38,T,N,0,309.79,83,0,174895,50766906,AAPL
2026-06-01 09:30:01.890120947-04:00,2026-06-01 13:30:01.889946052+00:00,0,2,38,T,N,0,309.8,28,128,174895,50766907,AAPL
2026-06-01 09:30:01.890186335-04:00,2026-06-01 13:30:01.890011075+00:00,0,2,38,T,N,0,309.76,40,128,175260,50766927,AAPL
2026-06-01 09:30:01.890284349-04:00,2026-06-01 13:30:01.890111385+00:00,0,2,38,T,N,0,309.76,40,128,172964,50766952,AAPL
2026-06-01 09:30:01.890411181-04:00,2026-06-01 13:30:01.890240267+00:00,0,2,38,T,N,0,309.76,20,128,170914,50767030,AAPL
2026-06-01 09:30:01.890523010-04:00,2026-06-01 13:30:01.890350509+00:00,0,2,38,T,N,0,309.8,7,0,172501,50767076,AAPL
2026-06-01 09:30:01.890523010-04:00,2026-06-01 13:30:01.890350509+00:00,0,2,38,T,N,0,309.81,4,0,172501,50767077,AAPL
2026-06-01 09:30:01.890523010-04:00,2026-06-01 13:30:01.890350509+00:00,0,2,38,T,N,0,309.81,1,128,172501,50767078,AAPL
2026-06-01 09:30:01.890739346-04:00,2026-06-01 13:30:01.890560541+00:00,0,2,38,T,N,0,309.77,40,0,178805,50767180,AAPL
2026-06-01 09:30:01.890739346-04:00,2026-06-01 13:30:01.890560541+00:00,0,2,38,T,N,0,309.76,49,128,178805,50767181,AAPL
2026-06-01 09:30:01.890741595-04:00,2026-06-01 13:30:01.890570527+00:00,0,2,38,T,N,0,309.76,11,128,171068,50767185,AAPL
2026-06-01 09:30:01.890972735-04:00,2026-06-01 13:30:01.890801104+00:00,0,2,38,T,N,0,309.77,80,128,171631,50767270,AAPL
2026-06-01 09:30:01.891007968-04:00,2026-06-01 13:30:01.890834098+00:00,0,2,38,T,N,0,309.76,20,128,173870,50767288,AAPL
2026-06-01 09:30:01.891129882-04:00,2026-06-01 13:30:01.890961487+00:00,0,2,38,T,N,0,309.76,40,128,168395,50767340,AAPL
2026-06-01 09:30:01.891259993-04:00,2026-06-01 13:30:01.891091598+00:00,0,2,38,T,N,0,309.76,60,128,168395,50767413,AAPL
2026-06-01 09:30:01.891502133-04:00,2026-06-01 13:30:01.891331544+00:00,0,2,38,T,N,0,309.84,3,0,170589,50767610,AAPL
2026-06-01 09:30:01.891502133-04:00,2026-06-01 13:30:01.891331544+00:00,0,2,38,T,N,0,309.85,1,0,170589,50767611,AAPL
2026-06-01 09:30:01.891502133-04:00,2026-06-01 13:30:01.891331544+00:00,0,2,38,T,N,0,309.85,55,0,170589,50767612,AAPL
2026-06-01 09:30:01.891502133-04:00,2026-06-01 13:30:01.891331544+00:00,0,2,38,T,N,0,309.85,109,128,170589,50767613,AAPL
2026-06-01 09:30:01.892311551-04:00,2026-06-01 13:30:01.892141662+00:00,0,2,38,T,N,0,309.7,46,0,169889,50767975,AAPL
2026-06-01 09:30:01.892311551-04:00,2026-06-01 13:30:01.892141662+00:00,0,2,38,T,N,0,309.7,134,0,169889,50767976,AAPL
2026-06-01 09:30:01.892311551-04:00,2026-06-01 13:30:01.892141662+00:00,0,2,38,T,N,0,309.7,20,128,169889,50767977,AAPL
2026-06-01 09:30:01.893296147-04:00,2026-06-01 13:30:01.893127831+00:00,0,2,38,T,N,0,309.76,5,128,168316,50768374,AAPL
2026-06-01 09:30:01.893328768-04:00,2026-06-01 13:30:01.893156759+00:00,0,2,38,T,N,0,309.76,95,128,172009,50768379,AAPL
2026-06-01 09:30:01.912824022-04:00,2026-06-01 13:30:01.912651065+00:00,0,2,38,T,N,0,309.76,50,128,172957,50777452,AAPL
2026-06-01 09:30:01.969351760-04:00,2026-06-01 13:30:01.969182432+00:00,0,2,38,T,N,0,309.81,1,128,169328,50809297,AAPL
2026-06-01 09:30:01.969360656-04:00,2026-06-01 13:30:01.969188175+00:00,0,2,38,T,N,0,309.81,1,128,172481,50809303,AAPL
2026-06-01 09:30:01.971770049-04:00,2026-06-01 13:30:01.971601925+00:00,0,2,38,T,N,0,309.81,1,128,168124,50810681,AAPL
2026-06-01 09:30:01.981123741-04:00,2026-06-01 13:30:01.980950713+00:00,0,2,38,T,N,0,309.81,2,128,173028,50815187,AAPL
2026-06-01 09:30:01.981817696-04:00,2026-06-01 13:30:01.981644903+00:00,0,2,38,T,N,0,309.81,1,128,172793,50815421,AAPL
2026-06-01 09:30:01.981819214-04:00,2026-06-01 13:30:01.981647714+00:00,0,2,38,T,N,0,309.81,3,0,171500,50815426,AAPL
2026-06-01 09:30:01.981819214-04:00,2026-06-01 13:30:01.981648085+00:00,0,2,38,T,N,0,309.81,31,128,171129,50815427,AAPL
2026-06-01 09:30:02.037587487-04:00,2026-06-01 13:30:02.037419386+00:00,0,2,38,T,N,0,309.85,39,128,168101,50840389,AAPL
2026-06-01 09:30:02.037637487-04:00,2026-06-01 13:30:02.037468523+00:00,0,2,38,T,N,0,309.85,40,128,168964,50840411,AAPL
2026-06-01 09:30:02.037731962-04:00,2026-06-01 13:30:02.037561920+00:00,0,2,38,T,N,0,309.85,6,0,170042,50840432,AAPL
2026-06-01 09:30:02.037731962-04:00,2026-06-01 13:30:02.037561920+00:00,0,2,38,T,B,0,309.86,20,0,170042,50840433,AAPL
2026-06-01 09:30:02.037731962-04:00,2026-06-01 13:30:02.037561920+00:00,0,2,38,T,B,0,309.86,8,0,170042,50840434,AAPL
2026-06-01 09:30:02.037734273-04:00,2026-06-01 13:30:02.037561920+00:00,0,2,38,T,B,0,309.86,1,0,172353,50840435,AAPL
2026-06-01 09:30:02.037734273-04:00,2026-06-01 13:30:02.037561920+00:00,0,2,38,T,B,0,309.86,7,0,172353,50840436,AAPL
2026-06-01 09:30:02.082700943-04:00,2026-06-01 13:30:02.082527796+00:00,0,2,38,T,N,0,309.9,20,0,173147,50859690,AAPL
2026-06-01 09:30:02.082700943-04:00,2026-06-01 13:30:02.082527796+00:00,0,2,38,T,N,0,309.91,88,0,173147,50859691,AAPL
2026-06-01 09:30:02.082700943-04:00,2026-06-01 13:30:02.082527796+00:00,0,2,38,T,N,0,309.94,3,0,173147,50859692,AAPL
2026-06-01 09:30:02.082700943-04:00,2026-06-01 13:30:02.082527796+00:00,0,2,38,T,N,0,309.95,1,0,173147,50859693,AAPL
2026-06-01 09:30:02.082700943-04:00,2026-06-01 13:30:02.082527796+00:00,0,2,38,T,B,0,309.98,39,0,173147,50859694,AAPL
2026-06-01 09:30:02.082700943-04:00,2026-06-01 13:30:02.082527796+00:00,0,2,38,T,B,0,309.98,25,0,173147,50859695,AAPL
2026-06-01 09:30:02.175763805-04:00,2026-06-01 13:30:02.175587329+00:00,0,2,38,T,B,0,309.99,234,0,176476,50894048,AAPL
2026-06-01 09:30:02.175763805-04:00,2026-06-01 13:30:02.175587329+00:00,0,2,38,T,B,0,309.99,40,0,176476,50894049,AAPL
2026-06-01 09:30:02.175763805-04:00,2026-06-01 13:30:02.175587329+00:00,0,2,38,T,B,0,309.99,240,0,176476,50894050,AAPL
2026-06-01 09:30:02.176195908-04:00,2026-06-01 13:30:02.176023130+00:00,0,2,38,T,N,0,310.0,59,0,172778,50894244,AAPL
2026-06-01 09:30:02.176195908-04:00,2026-06-01 13:30:02.176023130+00:00,0,2,38,T,N,0,310.0,50,128,172778,50894245,AAPL
2026-06-01 09:30:02.176532187-04:00,2026-06-01 13:30:02.176361490+00:00,0,2,38,T,N,0,310.0,24,0,170697,50894357,AAPL
2026-06-01 09:30:02.176532187-04:00,2026-06-01 13:30:02.176361490+00:00,0,2,38,T,N,0,310.0,16,128,170697,50894358,AAPL
2026-06-01 09:30:02.176686216-04:00,2026-06-01 13:30:02.176512950+00:00,0,2,38,T,N,0,310.0,9,0,173266,50894443,AAPL
2026-06-01 09:30:02.176686216-04:00,2026-06-01 13:30:02.176512950+00:00,0,2,38,T,N,0,310.0,75,0,173266,50894444,AAPL
2026-06-01 09:30:02.176686216-04:00,2026-06-01 13:30:02.176512950+00:00,0,2,38,T,N,0,310.0,65,0,173266,50894445,AAPL
2026-06-01 09:30:02.176717304-04:00,2026-06-01 13:30:02.176548313+00:00,0,2,38,T,N,0,310.0,149,128,168991,50894452,AAPL
2026-06-01 09:30:02.176827709-04:00,2026-06-01 13:30:02.176657660+00:00,0,2,38,T,N,0,310.0,101,0,170049,50894466,AAPL
2026-06-01 09:30:02.176827709-04:00,2026-06-01 13:30:02.176657660+00:00,0,2,38,T,N,0,310.0,48,128,170049,50894467,AAPL
2026-06-01 09:30:02.176862337-04:00,2026-06-01 13:30:02.176693382+00:00,0,2,38,T,N,0,310.0,149,128,168955,50894474,AAPL
2026-06-01 09:30:02.291076735-04:00,2026-06-01 13:30:02.290906104+00:00,0,2,38,T,N,0,309.9,22,0,170631,50946837,AAPL
2026-06-01 09:30:02.291231080-04:00,2026-06-01 13:30:02.291056808+00:00,0,2,38,T,N,0,309.9,18,0,174272,50946897,AAPL
2026-06-01 09:30:02.291231080-04:00,2026-06-01 13:30:02.291056808+00:00,0,2,38,T,A,0,309.88,40,0,174272,50946898,AAPL
2026-06-01 09:30:02.291231080-04:00,2026-06-01 13:30:02.291056808+00:00,0,2,38,T,A,0,309.88,40,0,174272,50946899,AAPL
2026-06-01 09:30:02.370537673-04:00,2026-06-01 13:30:02.370369976+00:00,0,2,38,T,N,0,309.85,51,128,167697,50981415,AAPL
2026-06-01 09:30:02.406285336-04:00,2026-06-01 13:30:02.406112753+00:00,0,2,38,T,N,0,309.95,1,128,172583,51000929,AAPL
2026-06-01 09:30:02.417393480-04:00,2026-06-01 13:30:02.417221196+00:00,0,2,38,T,A,0,309.83,7,0,172284,51006436,AAPL
2026-06-01 09:30:02.421617911-04:00,2026-06-01 13:30:02.421444989+00:00,0,2,38,T,N,0,309.89,3,128,172922,51008874,AAPL
2026-06-01 09:30:02.422900707-04:00,2026-06-01 13:30:02.422730583+00:00,0,2,38,T,N,0,309.89,3,128,170124,51009795,AAPL
2026-06-01 09:30:02.432569761-04:00,2026-06-01 13:30:02.432402123+00:00,0,2,38,T,N,0,309.89,2,128,167638,51014489,AAPL
2026-06-01 09:30:02.441357304-04:00,2026-06-01 13:30:02.441188053+00:00,0,2,38,T,N,0,309.89,1,128,169251,51018798,AAPL
2026-06-01 09:30:02.449068624-04:00,2026-06-01 13:30:02.448894919+00:00,0,2,38,T,N,0,309.89,3,128,173705,51022744,AAPL
2026-06-01 09:30:02.449323703-04:00,2026-06-01 13:30:02.449152429+00:00,0,2,38,T,N,0,309.89,3,128,171274,51022858,AAPL
2026-06-01 09:30:02.451678669-04:00,2026-06-01 13:30:02.451508550+00:00,0,2,38,T,N,0,309.89,3,128,170119,51023907,AAPL
2026-06-01 09:30:02.454581921-04:00,2026-06-01 13:30:02.454414012+00:00,0,2,38,T,N,0,309.89,36,128,167909,51025346,AAPL
2026-06-01 09:30:02.455692064-04:00,2026-06-01 13:30:02.455521675+00:00,0,2,38,T,N,0,309.89,9,128,170389,51025917,AAPL
2026-06-01 09:30:02.455882388-04:00,2026-06-01 13:30:02.455714647+00:00,0,2,38,T,N,0,309.89,1,128,167741,51026053,AAPL
2026-06-01 09:30:02.460900295-04:00,2026-06-01 13:30:02.460728036+00:00,0,2,38,T,N,0,309.87,1,0,172259,51028272,AAPL
2026-06-01 09:30:02.460900295-04:00,2026-06-01 13:30:02.460729765+00:00,0,2,38,T,N,0,309.87,1,128,170530,51028276,AAPL
2026-06-01 09:30:02.460955713-04:00,2026-06-01 13:30:02.460784647+00:00,0,2,38,T,N,0,309.87,98,0,171066,51028292,AAPL
2026-06-01 09:30:02.460955713-04:00,2026-06-01 13:30:02.460784647+00:00,0,2,38,T,B,0,309.88,3,0,171066,51028293,AAPL
2026-06-01 09:30:02.460955713-04:00,2026-06-01 13:30:02.460784647+00:00,0,2,38,T,B,0,309.88,40,0,171066,51028294,AAPL
2026-06-01 09:30:02.460955713-04:00,2026-06-01 13:30:02.460784647+00:00,0,2,38,T,B,0,309.88,42,0,171066,51028295,AAPL
2026-06-01 09:30:02.460977284-04:00,2026-06-01 13:30:02.460808833+00:00,0,2,38,T,B,0,309.88,58,0,168451,51028303,AAPL
2026-06-01 09:30:02.460977284-04:00,2026-06-01 13:30:02.460808833+00:00,0,2,38,T,B,0,309.88,40,0,168451,51028304,AAPL
2026-06-01 09:30:02.463938455-04:00,2026-06-01 13:30:02.463770628+00:00,0,2,38,T,N,0,309.91,9,128,167827,51029854,AAPL
2026-06-01 09:30:02.465340943-04:00,2026-06-01 13:30:02.465168789+00:00,0,2,38,T,N,0,309.92,3,128,172154,51030578,AAPL
2026-06-01 09:30:02.477701605-04:00,2026-06-01 13:30:02.477528513+00:00,0,2,38,T,N,0,309.92,1,128,173092,51037414,AAPL
2026-06-01 09:30:02.485003796-04:00,2026-06-01 13:30:02.484830918+00:00,0,2,38,T,N,0,309.94,4,128,172878,51040692,AAPL
2026-06-01 09:30:02.530986239-04:00,2026-06-01 13:30:02.530814875+00:00,0,2,38,T,N,0,309.94,3,128,171364,51063616,AAPL
2026-06-01 09:30:02.531233850-04:00,2026-06-01 13:30:02.531065433+00:00,0,2,38,T,N,0,309.89,40,128,168417,51063755,AAPL
2026-06-01 09:30:02.540972946-04:00,2026-06-01 13:30:02.540801147+00:00,0,2,38,T,N,0,309.94,1,128,171799,51068522,AAPL
2026-06-01 09:30:02.553377126-04:00,2026-06-01 13:30:02.553206944+00:00,0,2,38,T,N,0,309.85,10,128,170182,51074773,AAPL
2026-06-01 09:30:02.553602755-04:00,2026-06-01 13:30:02.553432545+00:00,0,2,38,T,N,0,309.85,20,128,170210,51074848,AAPL
2026-06-01 09:30:02.557481449-04:00,2026-06-01 13:30:02.557303926+00:00,0,2,38,T,N,0,309.85,10,0,177523,51076571,AAPL
2026-06-01 09:30:02.557481449-04:00,2026-06-01 13:30:02.557303926+00:00,0,2,38,T,N,0,309.85,30,0,177523,51076572,AAPL
2026-06-01 09:30:02.557481449-04:00,2026-06-01 13:30:02.557303926+00:00,0,2,38,T,A,0,309.83,7,0,177523,51076573,AAPL
2026-06-01 09:30:02.557481449-04:00,2026-06-01 13:30:02.557303926+00:00,0,2,38,T,A,0,309.83,376,0,177523,51076574,AAPL
2026-06-01 09:30:02.562210781-04:00,2026-06-01 13:30:02.562043045+00:00,0,2,38,T,N,0,309.91,1,128,167736,51078811,AAPL
2026-06-01 09:30:02.562215724-04:00,2026-06-01 13:30:02.562045073+00:00,0,2,38,T,N,0,309.91,1,0,170651,51078812,AAPL
2026-06-01 09:30:02.562215724-04:00,2026-06-01 13:30:02.562045439+00:00,0,2,38,T,N,0,309.91,49,128,170285,51078813,AAPL
2026-06-01 09:30:02.562231539-04:00,2026-06-01 13:30:02.562058836+00:00,0,2,38,T,N,0,309.91,2,0,172703,51078817,AAPL
2026-06-01 09:30:02.562231539-04:00,2026-06-01 13:30:02.562059152+00:00,0,2,38,T,N,0,309.91,2,128,172387,51078818,AAPL
2026-06-01 09:30:02.568453003-04:00,2026-06-01 13:30:02.568285312+00:00,0,2,38,T,N,0,309.93,40,128,167691,51081002,AAPL
2026-06-01 09:30:02.574274649-04:00,2026-06-01 13:30:02.574104929+00:00,0,2,38,T,N,0,309.81,40,0,169720,51083306,AAPL
2026-06-01 09:30:02.574274649-04:00,2026-06-01 13:30:02.574104929+00:00,0,2,38,T,N,0,309.81,243,128,169720,51083307,AAPL
2026-06-01 09:30:02.601297376-04:00,2026-06-01 13:30:02.601125361+00:00,0,2,38,T,N,0,309.91,100,0,172015,51093333,AAPL
2026-06-01 09:30:02.601297376-04:00,2026-06-01 13:30:02.601125361+00:00,0,2,38,T,B,0,309.94,10,0,172015,51093334,AAPL
2026-06-01 09:30:02.601297376-04:00,2026-06-01 13:30:02.601125361+00:00,0,2,38,T,B,0,309.94,15,0,172015,51093335,AAPL
2026-06-01 09:30:02.609566824-04:00,2026-06-01 13:30:02.609398605+00:00,0,2,38,T,N,0,309.88,326,128,168219,51096091,AAPL
2026-06-01 09:30:02.663147199-04:00,2026-06-01 13:30:02.662977830+00:00,0,2,38,T,N,0,309.88,40,128,169369,51114366,AAPL
2026-06-01 09:30:02.673583073-04:00,2026-06-01 13:30:02.673413581+00:00,0,2,38,T,N,0,309.875,154,0,169492,51117808,AAPL
2026-06-01 09:30:02.673583073-04:00,2026-06-01 13:30:02.673413581+00:00,0,2,38,T,N,0,309.82,10,0,169492,51117809,AAPL
2026-06-01 09:30:02.673583073-04:00,2026-06-01 13:30:02.673413581+00:00,0,2,38,T,N,0,309.82,92,128,169492,51117810,AAPL
2026-06-01 09:30:02.673613994-04:00,2026-06-01 13:30:02.673444841+00:00,0,2,38,T,N,0,309.82,208,0,169153,51117817,AAPL
2026-06-01 09:30:02.673613994-04:00,2026-06-01 13:30:02.673444841+00:00,0,2,38,T,A,0,309.8,73,0,169153,51117818,AAPL
2026-06-01 09:30:02.673613994-04:00,2026-06-01 13:30:02.673444841+00:00,0,2,38,T,A,0,309.8,1,0,169153,51117819,AAPL
2026-06-01 09:30:02.673620094-04:00,2026-06-01 13:30:02.673444841+00:00,0,2,38,T,A,0,309.8,100,0,175253,51117820,AAPL
2026-06-01 09:30:02.673620094-04:00,2026-06-01 13:30:02.673444841+00:00,0,2,38,T,A,0,309.8,1,0,175253,51117821,AAPL
2026-06-01 09:30:02.673620094-04:00,2026-06-01 13:30:02.673444841+00:00,0,2,38,T,A,0,309.8,1,0,175253,51117822,AAPL
2026-06-01 09:30:02.673620094-04:00,2026-06-01 13:30:02.673444841+00:00,0,2,38,T,A,0,309.8,80,0,175253,51117823,AAPL
2026-06-01 09:30:02.692530560-04:00,2026-06-01 13:30:02.692357753+00:00,0,2,38,T,A,0,309.8,1,0,172807,51124469,AAPL
2026-06-01 09:30:02.692530560-04:00,2026-06-01 13:30:02.692357753+00:00,0,2,38,T,A,0,309.8,40,0,172807,51124470,AAPL
2026-06-01 09:30:02.693392976-04:00,2026-06-01 13:30:02.693224990+00:00,0,2,38,T,A,0,309.78,40,0,167986,51124884,AAPL
2026-06-01 09:30:02.703861633-04:00,2026-06-01 13:30:02.703691368+00:00,0,2,38,T,N,0,309.75,44,128,170265,51130092,AAPL
2026-06-01 09:30:02.703960560-04:00,2026-06-01 13:30:02.703787941+00:00,0,2,38,T,N,0,309.74,4,0,172619,51130140,AAPL
2026-06-01 09:30:02.723073491-04:00,2026-06-01 13:30:02.722898017+00:00,0,2,38,T,N,0,309.74,10,128,175474,51138965,AAPL
2026-06-01 09:30:02.729842970-04:00,2026-06-01 13:30:02.729675608+00:00,0,2,38,T,N,0,309.74,2,128,167362,51142012,AAPL
2026-06-01 09:30:02.739923684-04:00,2026-06-01 13:30:02.739755461+00:00,0,2,38,T,N,0,309.74,13,128,168223,51146830,AAPL
2026-06-01 09:30:02.744679593-04:00,2026-06-01 13:30:02.744507305+00:00,0,2,38,T,N,0,309.74,6,128,172288,51149327,AAPL
2026-06-01 09:30:02.744712899-04:00,2026-06-01 13:30:02.744542130+00:00,0,2,38,T,N,0,309.74,5,128,170769,51149362,AAPL
2026-06-01 09:30:02.744758124-04:00,2026-06-01 13:30:02.744589744+00:00,0,2,38,T,A,0,309.72,6,0,168380,51149384,AAPL
2026-06-01 09:30:02.745067023-04:00,2026-06-01 13:30:02.744896123+00:00,0,2,38,T,A,0,309.71,1,0,170900,51149616,AAPL
2026-06-01 09:30:02.745335872-04:00,2026-06-01 13:30:02.745164918+00:00,0,2,38,T,A,0,309.69,1,0,170954,51149792,AAPL
2026-06-01 09:30:02.750517190-04:00,2026-06-01 13:30:02.750346758+00:00,0,2,38,T,A,0,309.59,1,0,170432,51152293,AAPL
2026-06-01 09:30:02.750517190-04:00,2026-06-01 13:30:02.750346758+00:00,0,2,38,T,N,0,309.59,3,128,170432,51152294,AAPL
2026-06-01 09:30:02.757742804-04:00,2026-06-01 13:30:02.757571881+00:00,0,2,38,T,N,0,309.59,1,128,170923,51155983,AAPL
2026-06-01 09:30:02.778681487-04:00,2026-06-01 13:30:02.778510126+00:00,0,2,38,T,B,0,309.59,66,0,171361,51164375,AAPL
2026-06-01 09:30:02.778693346-04:00,2026-06-01 13:30:02.778520714+00:00,0,2,38,T,B,0,309.59,40,0,172632,51164381,AAPL
2026-06-01 09:30:02.778693346-04:00,2026-06-01 13:30:02.778520714+00:00,0,2,38,T,B,0,309.59,26,0,172632,51164382,AAPL
2026-06-01 09:30:02.778698528-04:00,2026-06-01 13:30:02.778526108+00:00,0,2,38,T,B,0,309.59,14,0,172420,51164386,AAPL
2026-06-01 09:30:02.778701727-04:00,2026-06-01 13:30:02.778530140+00:00,0,2,38,T,N,0,309.59,1,128,171587,51164389,AAPL
2026-06-01 09:30:02.778940053-04:00,2026-06-01 13:30:02.778766818+00:00,0,2,38,T,N,0,309.59,35,0,173235,51164534,AAPL
2026-06-01 09:30:02.778940053-04:00,2026-06-01 13:30:02.778766818+00:00,0,2,38,T,A,0,309.58,1,0,173235,51164535,AAPL
2026-06-01 09:30:02.778940053-04:00,2026-06-01 13:30:02.778766818+00:00,0,2,38,T,A,0,309.58,13,0,173235,51164536,AAPL
2026-06-01 09:30:02.778968832-04:00,2026-06-01 13:30:02.778798691+00:00,0,2,38,T,A,0,309.58,35,0,170141,51164565,AAPL
2026-06-01 09:30:02.788929501-04:00,2026-06-01 13:30:02.788759827+00:00,0,2,38,T,N,0,309.51,300,128,169674,51168690,AAPL
2026-06-01 09:30:02.804607698-04:00,2026-06-01 13:30:02.804438656+00:00,0,2,38,T,A,0,309.49,20,0,169042,51175514,AAPL
2026-06-01 09:30:02.804748849-04:00,2026-06-01 13:30:02.804576904+00:00,0,2,38,T,A,0,309.48,222,0,171945,51175590,AAPL
2026-06-01 09:30:02.804774957-04:00,2026-06-01 13:30:02.804605463+00:00,0,2,38,T,A,0,309.47,2,0,169494,51175614,AAPL
2026-06-01 09:30:02.804858013-04:00,2026-06-01 13:30:02.804687104+00:00,0,2,38,T,A,0,309.45,1,0,170909,51175676,AAPL
2026-06-01 09:30:02.804858013-04:00,2026-06-01 13:30:02.804687104+00:00,0,2,38,T,A,0,309.45,1,0,170909,51175677,AAPL
2026-06-01 09:30:02.805697262-04:00,2026-06-01 13:30:02.805528071+00:00,0,2,38,T,A,0,309.43,1,0,169191,51176041,AAPL
2026-06-01 09:30:02.805697262-04:00,2026-06-01 13:30:02.805528071+00:00,0,2,38,T,A,0,309.43,100,0,169191,51176042,AAPL
2026-06-01 09:30:02.805697262-04:00,2026-06-01 13:30:02.805528071+00:00,0,2,38,T,A,0,309.43,60,0,169191,51176043,AAPL
2026-06-01 09:30:02.805722877-04:00,2026-06-01 13:30:02.805553563+00:00,0,2,38,T,A,0,309.42,77,0,169314,51176051,AAPL
2026-06-01 09:30:02.805722877-04:00,2026-06-01 13:30:02.805553563+00:00,0,2,38,T,A,0,309.42,6,0,169314,51176052,AAPL
2026-06-01 09:30:02.805759153-04:00,2026-06-01 13:30:02.805590346+00:00,0,2,38,T,A,0,309.41,2,0,168807,51176073,AAPL
2026-06-01 09:30:02.805783015-04:00,2026-06-01 13:30:02.805613568+00:00,0,2,38,T,A,0,309.4,300,0,169447,51176087,AAPL
2026-06-01 09:30:02.805808499-04:00,2026-06-01 13:30:02.805638716+00:00,0,2,38,T,A,0,309.4,207,0,169783,51176099,AAPL
2026-06-01 09:30:02.805815170-04:00,2026-06-01 13:30:02.805642955+00:00,0,2,38,T,A,0,309.4,193,0,172215,51176105,AAPL
2026-06-01 09:30:02.805815170-04:00,2026-06-01 13:30:02.805642955+00:00,0,2,38,T,A,0,309.4,1,0,172215,51176106,AAPL
2026-06-01 09:30:02.805847891-04:00,2026-06-01 13:30:02.805677212+00:00,0,2,38,T,A,0,309.39,1,0,170679,51176124,AAPL
2026-06-01 09:30:02.805847891-04:00,2026-06-01 13:30:02.805677212+00:00,0,2,38,T,A,0,309.39,900,0,170679,51176125,AAPL
2026-06-01 09:30:02.805847891-04:00,2026-06-01 13:30:02.805677212+00:00,0,2,38,T,A,0,309.39,12,0,170679,51176126,AAPL
2026-06-01 09:30:02.806911890-04:00,2026-06-01 13:30:02.806740799+00:00,0,2,38,T,A,0,309.38,1,0,171091,51176651,AAPL
2026-06-01 09:30:02.806911890-04:00,2026-06-01 13:30:02.806740799+00:00,0,2,38,T,A,0,309.38,10,0,171091,51176652,AAPL
2026-06-01 09:30:02.807693913-04:00,2026-06-01 13:30:02.807526247+00:00,0,2,38,T,A,0,309.37,5,0,167666,51177159,AAPL
2026-06-01 09:30:02.807757097-04:00,2026-06-01 13:30:02.807587940+00:00,0,2,38,T,A,0,309.35,50,0,169157,51177212,AAPL
2026-06-01 09:30:02.807999736-04:00,2026-06-01 13:30:02.807830901+00:00,0,2,38,T,N,0,309.35,50,128,168835,51177344,AAPL
2026-06-01 09:30:02.808009824-04:00,2026-06-01 13:30:02.807840041+00:00,0,2,38,T,B,0,309.38,80,0,169783,51177353,AAPL
2026-06-01 09:30:02.808009824-04:00,2026-06-01 13:30:02.807840041+00:00,0,2,38,T,B,0,309.38,40,0,169783,51177354,AAPL
2026-06-01 09:30:02.808009824-04:00,2026-06-01 13:30:02.807840041+00:00,0,2,38,T,B,0,309.38,20,0,169783,51177355,AAPL
2026-06-01 09:30:02.810278126-04:00,2026-06-01 13:30:02.810110663+00:00,0,2,38,T,N,0,309.33,6,128,167463,51178495,AAPL
2026-06-01 09:30:02.811043256-04:00,2026-06-01 13:30:02.810875658+00:00,0,2,38,T,N,0,309.33,7,128,167598,51178807,AAPL
2026-06-01 09:30:02.811060083-04:00,2026-06-01 13:30:02.810892073+00:00,0,2,38,T,N,0,309.33,3,128,168010,51178812,AAPL
2026-06-01 09:30:02.819483510-04:00,2026-06-01 13:30:02.819312099+00:00,0,2,38,T,N,0,309.33,7,128,171411,51183068,AAPL
2026-06-01 09:30:02.819548770-04:00,2026-06-01 13:30:02.819380838+00:00,0,2,38,T,N,0,309.33,7,128,167932,51183096,AAPL
2026-06-01 09:30:02.823020437-04:00,2026-06-01 13:30:02.822852200+00:00,0,2,38,T,N,0,309.33,7,128,168237,51184596,AAPL
2026-06-01 09:30:02.824483785-04:00,2026-06-01 13:30:02.824313760+00:00,0,2,38,T,N,0,309.33,7,128,170025,51185237,AAPL
2026-06-01 09:30:02.826520019-04:00,2026-06-01 13:30:02.826352139+00:00,0,2,38,T,N,0,309.33,7,128,167880,51186043,AAPL
2026-06-01 09:30:02.829390542-04:00,2026-06-01 13:30:02.829222711+00:00,0,2,38,T,N,0,309.33,7,128,167831,51187155,AAPL
2026-06-01 09:30:02.831569119-04:00,2026-06-01 13:30:02.831397768+00:00,0,2,38,T,N,0,309.33,7,128,171351,51188294,AAPL
2026-06-01 09:30:02.833054287-04:00,2026-06-01 13:30:02.832886704+00:00,0,2,38,T,N,0,309.33,7,128,167583,51189097,AAPL
2026-06-01 09:30:02.834713915-04:00,2026-06-01 13:30:02.834546385+00:00,0,2,38,T,N,0,309.34,7,128,167530,51189855,AAPL
2026-06-01 09:30:02.836470154-04:00,2026-06-01 13:30:02.836300727+00:00,0,2,38,T,N,0,309.43,100,0,169427,51190574,AAPL
2026-06-01 09:30:02.836470154-04:00,2026-06-01 13:30:02.836300727+00:00,0,2,38,T,N,0,309.43,300,0,169427,51190575,AAPL
2026-06-01 09:30:02.836470154-04:00,2026-06-01 13:30:02.836300727+00:00,0,2,38,T,N,0,309.43,100,128,169427,51190576,AAPL
2026-06-01 09:30:02.836472487-04:00,2026-06-01 13:30:02.836300727+00:00,0,2,38,T,B,0,309.44,36,0,171760,51190577,AAPL
2026-06-01 09:30:02.836472487-04:00,2026-06-01 13:30:02.836300727+00:00,0,2,38,T,B,0,309.44,80,0,171760,51190578,AAPL
2026-06-01 09:30:02.836472487-04:00,2026-06-01 13:30:02.836300727+00:00,0,2,38,T,B,0,309.45,73,0,171760,51190579,AAPL
2026-06-01 09:30:02.836472487-04:00,2026-06-01 13:30:02.836300727+00:00,0,2,38,T,B,0,309.45,80,0,171760,51190580,AAPL
2026-06-01 09:30:02.836472487-04:00,2026-06-01 13:30:02.836300727+00:00,0,2,38,T,B,0,309.5,80,0,171760,51190581,AAPL
2026-06-01 09:30:02.836474933-04:00,2026-06-01 13:30:02.836300727+00:00,0,2,38,T,B,0,309.51,73,0,174206,51190582,AAPL
2026-06-01 09:30:02.836474933-04:00,2026-06-01 13:30:02.836300727+00:00,0,2,38,T,B,0,309.51,64,0,174206,51190583,AAPL
2026-06-01 09:30:02.836474933-04:00,2026-06-01 13:30:02.836300727+00:00,0,2,38,T,B,0,309.51,80,0,174206,51190584,AAPL
2026-06-01 09:30:02.836474933-04:00,2026-06-01 13:30:02.836300727+00:00,0,2,38,T,B,0,309.52,64,0,174206,51190585,AAPL
2026-06-01 09:30:02.836474933-04:00,2026-06-01 13:30:02.836300727+00:00,0,2,38,T,B,0,309.52,73,0,174206,51190586,AAPL
2026-06-01 09:30:02.836477191-04:00,2026-06-01 13:30:02.836300727+00:00,0,2,38,T,B,0,309.52,80,0,176464,51190587,AAPL
2026-06-01 09:30:02.836477191-04:00,2026-06-01 13:30:02.836300727+00:00,0,2,38,T,B,0,309.53,80,0,176464,51190588,AAPL
2026-06-01 09:30:02.836477191-04:00,2026-06-01 13:30:02.836300727+00:00,0,2,38,T,B,0,309.53,80,0,176464,51190589,AAPL
2026-06-01 09:30:02.836477191-04:00,2026-06-01 13:30:02.836300727+00:00,0,2,38,T,B,0,309.54,80,0,176464,51190590,AAPL
2026-06-01 09:30:02.836477191-04:00,2026-06-01 13:30:02.836300727+00:00,0,2,38,T,B,0,309.55,80,0,176464,51190591,AAPL
2026-06-01 09:30:02.836486367-04:00,2026-06-01 13:30:02.836300727+00:00,0,2,38,T,B,0,309.61,80,0,185640,51190592,AAPL
2026-06-01 09:30:02.836486367-04:00,2026-06-01 13:30:02.836300727+00:00,0,2,38,T,B,0,309.62,75,0,185640,51190593,AAPL
2026-06-01 09:30:02.836486367-04:00,2026-06-01 13:30:02.836300727+00:00,0,2,38,T,B,0,309.62,80,0,185640,51190594,AAPL
2026-06-01 09:30:02.836702469-04:00,2026-06-01 13:30:02.836534279+00:00,0,2,38,T,B,0,309.5,13,0,168190,51190834,AAPL
2026-06-01 09:30:02.836702469-04:00,2026-06-01 13:30:02.836534279+00:00,0,2,38,T,B,0,309.51,40,0,168190,51190835,AAPL
2026-06-01 09:30:02.836771575-04:00,2026-06-01 13:30:02.836601447+00:00,0,2,38,T,N,0,309.4,3,128,170128,51190873,AAPL
2026-06-01 09:30:02.836996933-04:00,2026-06-01 13:30:02.836827895+00:00,0,2,38,T,N,0,309.5,100,128,169038,51191060,AAPL
2026-06-01 09:30:02.841062529-04:00,2026-06-01 13:30:02.840890824+00:00,0,2,38,T,N,0,309.54,100,128,171705,51193269,AAPL
2026-06-01 09:30:02.841074068-04:00,2026-06-01 13:30:02.840905531+00:00,0,2,38,T,N,0,309.56,128,128,168537,51193281,AAPL
2026-06-01 09:30:02.841105960-04:00,2026-06-01 13:30:02.840936479+00:00,0,2,38,T,N,0,309.56,172,0,169481,51193306,AAPL
2026-06-01 09:30:02.841105960-04:00,2026-06-01 13:30:02.840936479+00:00,0,2,38,T,B,0,309.57,36,0,169481,51193307,AAPL
2026-06-01 09:30:02.841105960-04:00,2026-06-01 13:30:02.840936479+00:00,0,2,38,T,B,0,309.57,100,0,169481,51193308,AAPL
2026-06-01 09:30:02.841107425-04:00,2026-06-01 13:30:02.840936479+00:00,0,2,38,T,B,0,309.57,40,0,170946,51193309,AAPL
2026-06-01 09:30:02.841107425-04:00,2026-06-01 13:30:02.840936479+00:00,0,2,38,T,N,0,309.57,200,0,170946,51193310,AAPL
2026-06-01 09:30:02.841107425-04:00,2026-06-01 13:30:02.840936479+00:00,0,2,38,T,B,0,309.65,43,0,170946,51193311,AAPL
2026-06-01 09:30:02.841107425-04:00,2026-06-01 13:30:02.840936479+00:00,0,2,38,T,B,0,309.65,80,0,170946,51193312,AAPL
2026-06-01 09:30:02.841107425-04:00,2026-06-01 13:30:02.840936479+00:00,0,2,38,T,B,0,309.65,36,0,170946,51193313,AAPL
2026-06-01 09:30:02.841110193-04:00,2026-06-01 13:30:02.840936479+00:00,0,2,38,T,B,0,309.66,80,0,173714,51193314,AAPL
2026-06-01 09:30:02.841110193-04:00,2026-06-01 13:30:02.840936479+00:00,0,2,38,T,B,0,309.67,913,0,173714,51193315,AAPL
2026-06-01 09:30:02.841110193-04:00,2026-06-01 13:30:02.840936479+00:00,0,2,38,T,B,0,309.67,80,0,173714,51193316,AAPL
2026-06-01 09:30:02.841110193-04:00,2026-06-01 13:30:02.840936479+00:00,0,2,38,T,B,0,309.7,80,0,173714,51193317,AAPL
2026-06-01 09:30:02.841110193-04:00,2026-06-01 13:30:02.840936479+00:00,0,2,38,T,B,0,309.7,80,0,173714,51193318,AAPL
2026-06-01 09:30:02.841113634-04:00,2026-06-01 13:30:02.840936479+00:00,0,2,38,T,B,0,309.71,80,0,177155,51193319,AAPL
2026-06-01 09:30:02.841113634-04:00,2026-06-01 13:30:02.840936479+00:00,0,2,38,T,B,0,309.76,80,0,177155,51193320,AAPL
2026-06-01 09:30:02.841113634-04:00,2026-06-01 13:30:02.840936479+00:00,0,2,38,T,B,0,309.76,80,0,177155,51193321,AAPL
2026-06-01 09:30:02.841113634-04:00,2026-06-01 13:30:02.840936479+00:00,0,2,38,T,B,0,309.77,80,0,177155,51193322,AAPL
2026-06-01 09:30:02.841170446-04:00,2026-06-01 13:30:02.841001495+00:00,0,2,38,T,A,0,309.53,3,0,168951,51193378,AAPL
2026-06-01 09:30:02.841239839-04:00,2026-06-01 13:30:02.841071600+00:00,0,2,38,T,A,0,309.59,54,0,168239,51193431,AAPL
2026-06-01 09:30:02.841412489-04:00,2026-06-01 13:30:02.841243903+00:00,0,2,38,T,A,0,309.59,36,0,168586,51193543,AAPL
2026-06-01 09:30:02.842715938-04:00,2026-06-01 13:30:02.842546581+00:00,0,2,38,T,N,0,309.57,40,0,169357,51194170,AAPL
2026-06-01 09:30:02.842715938-04:00,2026-06-01 13:30:02.842546581+00:00,0,2,38,T,N,0,309.5,71,0,169357,51194171,AAPL
2026-06-01 09:30:02.842715938-04:00,2026-06-01 13:30:02.842546581+00:00,0,2,38,T,N,0,309.5,23,128,169357,51194172,AAPL
2026-06-01 09:30:02.843432482-04:00,2026-06-01 13:30:02.843264995+00:00,0,2,38,T,N,0,309.5,40,128,167487,51194527,AAPL
2026-06-01 09:30:02.844260288-04:00,2026-06-01 13:30:02.844091685+00:00,0,2,38,T,N,0,309.57,100,0,168603,51194917,AAPL
2026-06-01 09:30:02.844260288-04:00,2026-06-01 13:30:02.844091685+00:00,0,2,38,T,B,0,309.58,121,0,168603,51194918,AAPL
2026-06-01 09:30:02.845384448-04:00,2026-06-01 13:30:02.845210386+00:00,0,2,38,T,B,0,309.58,54,0,174062,51195455,AAPL
2026-06-01 09:30:02.845384448-04:00,2026-06-01 13:30:02.845210386+00:00,0,2,38,T,B,0,309.58,3,0,174062,51195456,AAPL
2026-06-01 09:30:02.845384448-04:00,2026-06-01 13:30:02.845210386+00:00,0,2,38,T,B,0,309.58,416,0,174062,51195457,AAPL
2026-06-01 09:30:02.845384448-04:00,2026-06-01 13:30:02.845210386+00:00,0,2,38,T,B,0,309.58,80,0,174062,51195458,AAPL
2026-06-01 09:30:02.845384448-04:00,2026-06-01 13:30:02.845210386+00:00,0,2,38,T,B,0,309.58,40,0,174062,51195459,AAPL
2026-06-01 09:30:02.845384448-04:00,2026-06-01 13:30:02.845210386+00:00,0,2,38,T,B,0,309.58,25,0,174062,51195460,AAPL
2026-06-01 09:30:02.845569201-04:00,2026-06-01 13:30:02.845396778+00:00,0,2,38,T,B,0,309.57,35,0,172423,51195592,AAPL
2026-06-01 09:30:02.845569201-04:00,2026-06-01 13:30:02.845396778+00:00,0,2,38,T,B,0,309.57,40,0,172423,51195593,AAPL
2026-06-01 09:30:02.845569201-04:00,2026-06-01 13:30:02.845396778+00:00,0,2,38,T,B,0,309.57,80,0,172423,51195594,AAPL
2026-06-01 09:30:02.869085372-04:00,2026-06-01 13:30:02.868917708+00:00,0,2,38,T,N,0,309.48,10,128,167664,51207735,AAPL
2026-06-01 09:30:02.908685931-04:00,2026-06-01 13:30:02.908514590+00:00,0,2,38,T,N,0,309.39,100,0,171341,51229876,AAPL
2026-06-01 09:30:02.908685931-04:00,2026-06-01 13:30:02.908514590+00:00,0,2,38,T,N,0,309.39,100,0,171341,51229877,AAPL
2026-06-01 09:30:02.908685931-04:00,2026-06-01 13:30:02.908514590+00:00,0,2,38,T,N,0,309.38,65,0,171341,51229878,AAPL
2026-06-01 09:30:02.908685931-04:00,2026-06-01 13:30:02.908514590+00:00,0,2,38,T,A,0,309.36,80,0,171341,51229879,AAPL
2026-06-01 09:30:02.908685931-04:00,2026-06-01 13:30:02.908514590+00:00,0,2,38,T,A,0,309.36,40,0,171341,51229880,AAPL
2026-06-01 09:30:02.908685931-04:00,2026-06-01 13:30:02.908514590+00:00,0,2,38,T,N,0,309.36,200,128,171341,51229881,AAPL
2026-06-01 09:30:02.915588829-04:00,2026-06-01 13:30:02.915420205+00:00,0,2,38,T,N,0,309.37,100,0,168624,51233397,AAPL
2026-06-01 09:30:02.915588829-04:00,2026-06-01 13:30:02.915420205+00:00,0,2,38,T,N,0,309.37,55,128,168624,51233398,AAPL
2026-06-01 09:30:02.916749485-04:00,2026-06-01 13:30:02.916581159+00:00,0,2,38,T,N,0,309.37,1,128,168326,51233900,AAPL
2026-06-01 09:30:02.918640177-04:00,2026-06-01 13:30:02.918472324+00:00,0,2,38,T,B,0,309.45,15,0,167853,51234847,AAPL
2026-06-01 09:30:02.918662766-04:00,2026-06-01 13:30:02.918492465+00:00,0,2,38,T,B,0,309.45,36,0,170301,51234854,AAPL
2026-06-01 09:30:02.918662766-04:00,2026-06-01 13:30:02.918492465+00:00,0,2,38,T,B,0,309.45,14,0,170301,51234855,AAPL
2026-06-01 09:30:02.918662766-04:00,2026-06-01 13:30:02.918492465+00:00,0,2,38,T,B,0,309.45,40,0,170301,51234856,AAPL
2026-06-01 09:30:02.947628475-04:00,2026-06-01 13:30:02.947460792+00:00,0,2,38,T,N,0,309.51,40,128,167683,51249701,AAPL
2026-06-01 09:30:02.964563319-04:00,2026-06-01 13:30:02.964394260+00:00,0,2,38,T,N,0,309.51,40,128,169059,51260110,AAPL
2026-06-01 09:30:03.045931756-04:00,2026-06-01 13:30:03.045762136+00:00,0,2,38,T,N,0,309.51,80,128,169620,51291789,AAPL
2026-06-01 09:30:03.049048659-04:00,2026-06-01 13:30:03.048876704+00:00,0,2,38,T,B,0,309.52,3,0,171955,51292668,AAPL
2026-06-01 09:30:03.049048659-04:00,2026-06-01 13:30:03.048876704+00:00,0,2,38,T,B,0,309.52,40,0,171955,51292669,AAPL
2026-06-01 09:30:03.049048659-04:00,2026-06-01 13:30:03.048876704+00:00,0,2,38,T,B,0,309.53,37,0,171955,51292670,AAPL
2026-06-01 09:30:03.049813916-04:00,2026-06-01 13:30:03.049643380+00:00,0,2,38,T,B,0,309.53,3,0,170536,51293073,AAPL
2026-06-01 09:30:03.049813916-04:00,2026-06-01 13:30:03.049643380+00:00,0,2,38,T,B,0,309.53,40,0,170536,51293074,AAPL
2026-06-01 09:30:03.049813916-04:00,2026-06-01 13:30:03.049643380+00:00,0,2,38,T,B,0,309.53,14,0,170536,51293075,AAPL
2026-06-01 09:30:03.049813916-04:00,2026-06-01 13:30:03.049643380+00:00,0,2,38,T,B,0,309.53,100,0,170536,51293076,AAPL
2026-06-01 09:30:03.049813916-04:00,2026-06-01 13:30:03.049643380+00:00,0,2,38,T,B,0,309.53,40,0,170536,51293077,AAPL
2026-06-01 09:30:03.049813916-04:00,2026-06-01 13:30:03.049643380+00:00,0,2,38,T,N,0,309.53,197,128,170536,51293078,AAPL
2026-06-01 09:30:03.049857683-04:00,2026-06-01 13:30:03.049688495+00:00,0,2,38,T,B,0,309.53,40,0,169188,51293103,AAPL
2026-06-01 09:30:03.049898769-04:00,2026-06-01 13:30:03.049730571+00:00,0,2,38,T,B,0,309.53,40,0,168198,51293123,AAPL
2026-06-01 09:30:03.049957314-04:00,2026-06-01 13:30:03.049785414+00:00,0,2,38,T,B,0,309.53,40,0,171900,51293140,AAPL
2026-06-01 09:30:03.050000358-04:00,2026-06-01 13:30:03.049833010+00:00,0,2,38,T,B,0,309.53,40,0,167348,51293154,AAPL
2026-06-01 09:30:03.052318179-04:00,2026-06-01 13:30:03.052149658+00:00,0,2,38,T,B,0,309.53,40,0,168521,51293714,AAPL
2026-06-01 09:30:03.052318179-04:00,2026-06-01 13:30:03.052149658+00:00,0,2,38,T,N,0,309.53,40,128,168521,51293715,AAPL
2026-06-01 09:30:03.052365052-04:00,2026-06-01 13:30:03.052196897+00:00,0,2,38,T,B,0,309.49,29,0,168155,51293729,AAPL
2026-06-01 09:30:03.052365052-04:00,2026-06-01 13:30:03.052196897+00:00,0,2,38,T,B,0,309.53,11,0,168155,51293730,AAPL
2026-06-01 09:30:03.052385571-04:00,2026-06-01 13:30:03.052217817+00:00,0,2,38,T,B,0,309.53,29,0,167754,51293739,AAPL
2026-06-01 09:30:03.052387734-04:00,2026-06-01 13:30:03.052218967+00:00,0,2,38,T,B,0,309.53,3,0,168767,51293740,AAPL
2026-06-01 09:30:03.055502471-04:00,2026-06-01 13:30:03.055334119+00:00,0,2,38,T,N,0,309.63,80,128,168352,51294920,AAPL
2026-06-01 09:30:03.058746449-04:00,2026-06-01 13:30:03.058576186+00:00,0,2,38,T,B,0,309.64,64,0,170263,51295851,AAPL
2026-06-01 09:30:03.058746449-04:00,2026-06-01 13:30:03.058576186+00:00,0,2,38,T,B,0,309.64,16,0,170263,51295852,AAPL
2026-06-01 09:30:03.062122368-04:00,2026-06-01 13:30:03.061953994+00:00,0,2,38,T,B,0,309.64,8,0,168374,51296943,AAPL
2026-06-01 09:30:03.069251481-04:00,2026-06-01 13:30:03.069083476+00:00,0,2,38,T,N,0,309.52,28,128,168005,51299649,AAPL
2026-06-01 09:30:03.091272564-04:00,2026-06-01 13:30:03.091104487+00:00,0,2,38,T,N,0,309.49,64,128,168077,51307495,AAPL
2026-06-01 09:30:03.098195107-04:00,2026-06-01 13:30:03.098027078+00:00,0,2,38,T,N,0,309.49,26,128,168029,51310170,AAPL
2026-06-01 09:30:03.116625058-04:00,2026-06-01 13:30:03.116455558+00:00,0,2,38,T,N,0,309.62,13,128,169500,51316907,AAPL
2026-06-01 09:30:03.132671658-04:00,2026-06-01 13:30:03.132503467+00:00,0,2,38,T,N,0,309.49,100,0,168191,51322691,AAPL
2026-06-01 09:30:03.132671658-04:00,2026-06-01 13:30:03.132503467+00:00,0,2,38,T,N,0,309.48,60,128,168191,51322692,AAPL
2026-06-01 09:30:03.221798591-04:00,2026-06-01 13:30:03.221627344+00:00,0,2,38,T,N,0,309.48,40,0,171247,51356036,AAPL
2026-06-01 09:30:03.221798591-04:00,2026-06-01 13:30:03.221627344+00:00,0,2,38,T,A,0,309.47,80,0,171247,51356037,AAPL
2026-06-01 09:30:03.221798591-04:00,2026-06-01 13:30:03.221627344+00:00,0,2,38,T,A,0,309.47,31,0,171247,51356038,AAPL
2026-06-01 09:30:03.221815064-04:00,2026-06-01 13:30:03.221647479+00:00,0,2,38,T,A,0,309.47,9,0,167585,51356044,AAPL
2026-06-01 09:30:03.222364538-04:00,2026-06-01 13:30:03.222196432+00:00,0,2,38,T,N,0,309.47,40,128,168106,51356257,AAPL
2026-06-01 09:30:03.222808125-04:00,2026-06-01 13:30:03.222640237+00:00,0,2,38,T,A,0,309.46,40,0,167888,51356437,AAPL
2026-06-01 09:30:03.223717767-04:00,2026-06-01 13:30:03.223550231+00:00,0,2,38,T,N,0,309.37,31,128,167536,51356734,AAPL
2026-06-01 09:30:03.224983652-04:00,2026-06-01 13:30:03.224815455+00:00,0,2,38,T,B,0,309.47,1,0,168197,51357278,AAPL
2026-06-01 09:30:03.224983652-04:00,2026-06-01 13:30:03.224815455+00:00,0,2,38,T,N,0,309.52,79,128,168197,51357279,AAPL
2026-06-01 09:30:03.245620715-04:00,2026-06-01 13:30:03.245451566+00:00,0,2,38,T,N,0,309.37,100,0,169149,51364184,AAPL
2026-06-01 09:30:03.245620715-04:00,2026-06-01 13:30:03.245451566+00:00,0,2,38,T,N,0,309.36,148,128,169149,51364185,AAPL
2026-06-01 09:30:03.283336539-04:00,2026-06-01 13:30:03.283163052+00:00,0,2,38,T,N,0,309.44,53,0,173487,51375643,AAPL
2026-06-01 09:30:03.283336539-04:00,2026-06-01 13:30:03.283163052+00:00,0,2,38,T,N,0,309.36,100,0,173487,51375644,AAPL
2026-06-01 09:30:03.283336539-04:00,2026-06-01 13:30:03.283163052+00:00,0,2,38,T,A,0,309.35,64,0,173487,51375645,AAPL
2026-06-01 09:30:03.283336539-04:00,2026-06-01 13:30:03.283163052+00:00,0,2,38,T,A,0,309.35,40,0,173487,51375646,AAPL
2026-06-01 09:30:03.283523710-04:00,2026-06-01 13:30:03.283351437+00:00,0,2,38,T,N,0,309.35,43,0,172273,51375723,AAPL
2026-06-01 09:30:03.283523710-04:00,2026-06-01 13:30:03.283351437+00:00,0,2,38,T,N,0,309.48,64,0,172273,51375724,AAPL
2026-06-01 09:30:03.283523710-04:00,2026-06-01 13:30:03.283351437+00:00,0,2,38,T,N,0,309.48,100,0,172273,51375725,AAPL
2026-06-01 09:30:03.283523710-04:00,2026-06-01 13:30:03.283351437+00:00,0,2,38,T,B,0,309.49,80,0,172273,51375726,AAPL
2026-06-01 09:30:03.283523710-04:00,2026-06-01 13:30:03.283351437+00:00,0,2,38,T,B,0,309.49,33,0,172273,51375727,AAPL
2026-06-01 09:30:03.283546684-04:00,2026-06-01 13:30:03.283376802+00:00,0,2,38,T,B,0,309.49,7,0,169882,51375739,AAPL
2026-06-01 09:30:03.294570459-04:00,2026-06-01 13:30:03.294401784+00:00,0,2,38,T,B,0,309.44,31,0,168675,51378871,AAPL
2026-06-01 09:30:03.378683611-04:00,2026-06-01 13:30:03.378515936+00:00,0,2,38,T,N,0,309.42,1,128,167675,51402812,AAPL
2026-06-01 09:30:03.383467814-04:00,2026-06-01 13:30:03.383300267+00:00,0,2,38,T,N,0,309.42,1,128,167547,51404435,AAPL
2026-06-01 09:30:03.409584263-04:00,2026-06-01 13:30:03.409415988+00:00,0,2,38,T,N,0,309.42,6,128,168275,51413551,AAPL
2026-06-01 09:30:03.415729693-04:00,2026-06-01 13:30:03.415560520+00:00,0,2,38,T,N,0,309.42,1,128,169173,51415473,AAPL
2026-06-01 09:30:03.433685087-04:00,2026-06-01 13:30:03.433517491+00:00,0,2,38,T,N,0,309.42,8,128,167596,51421396,AAPL
2026-06-01 09:30:03.433713516-04:00,2026-06-01 13:30:03.433545174+00:00,0,2,38,T,N,0,309.42,125,128,168342,51421398,AAPL
2026-06-01 09:30:03.434386412-04:00,2026-06-01 13:30:03.434218723+00:00,0,2,38,T,N,0,309.42,125,128,167689,51421607,AAPL
2026-06-01 09:30:03.437353571-04:00,2026-06-01 13:30:03.437186138+00:00,0,2,38,T,N,0,309.44,1,128,167433,51422540,AAPL
2026-06-01 09:30:03.444416304-04:00,2026-06-01 13:30:03.444247321+00:00,0,2,38,T,N,0,309.44,3,128,168983,51424106,AAPL
2026-06-01 09:30:03.452218170-04:00,2026-06-01 13:30:03.452050768+00:00,0,2,38,T,N,0,309.44,16,128,167402,51426886,AAPL
2026-06-01 09:30:03.465462633-04:00,2026-06-01 13:30:03.465293957+00:00,0,2,38,T,N,0,309.42,2,128,168676,51430355,AAPL
2026-06-01 09:30:03.465489291-04:00,2026-06-01 13:30:03.465321907+00:00,0,2,38,T,N,0,309.42,125,128,167384,51430361,AAPL
2026-06-01 09:30:03.474674326-04:00,2026-06-01 13:30:03.474506431+00:00,0,2,38,T,N,0,309.42,1,128,167895,51433553,AAPL
2026-06-01 09:30:03.476574402-04:00,2026-06-01 13:30:03.476406550+00:00,0,2,38,T,N,0,309.44,1,128,167852,51434569,AAPL
2026-06-01 09:30:03.476898625-04:00,2026-06-01 13:30:03.476729555+00:00,0,2,38,T,N,0,309.44,62,128,169070,51434707,AAPL
2026-06-01 09:30:03.477173106-04:00,2026-06-01 13:30:03.477001062+00:00,0,2,38,T,N,0,309.42,125,128,172044,51434883,AAPL
2026-06-01 09:30:03.477220593-04:00,2026-06-01 13:30:03.477052666+00:00,0,2,38,T,N,0,309.42,125,128,167927,51434912,AAPL
2026-06-01 09:30:03.479033530-04:00,2026-06-01 13:30:03.478864962+00:00,0,2,38,T,N,0,309.48,1,128,168568,51435854,AAPL
2026-06-01 09:30:03.489063614-04:00,2026-06-01 13:30:03.488895135+00:00,0,2,38,T,N,0,309.42,2,128,168479,51439995,AAPL
2026-06-01 09:30:03.489090609-04:00,2026-06-01 13:30:03.488922130+00:00,0,2,38,T,N,0,309.42,125,128,168479,51440003,AAPL
2026-06-01 09:30:03.491570778-04:00,2026-06-01 13:30:03.491402415+00:00,0,2,38,T,N,0,309.43,6,128,168363,51441025,AAPL
2026-06-01 09:30:03.497655673-04:00,2026-06-01 13:30:03.497487226+00:00,0,2,38,T,N,0,309.49,3,128,168447,51443336,AAPL
2026-06-01 09:30:03.502935471-04:00,2026-06-01 13:30:03.502767352+00:00,0,2,38,T,B,0,309.5,1,0,168119,51445369,AAPL
2026-06-01 09:30:03.502969315-04:00,2026-06-01 13:30:03.502798628+00:00,0,2,38,T,B,0,309.5,79,0,170687,51445376,AAPL
2026-06-01 09:30:03.502969315-04:00,2026-06-01 13:30:03.502798628+00:00,0,2,38,T,B,0,309.5,40,0,170687,51445377,AAPL
2026-06-01 09:30:03.502969315-04:00,2026-06-01 13:30:03.502798628+00:00,0,2,38,T,B,0,309.5,120,0,170687,51445378,AAPL
2026-06-01 09:30:03.502969315-04:00,2026-06-01 13:30:03.502798628+00:00,0,2,38,T,N,0,309.5,43,128,170687,51445379,AAPL
2026-06-01 09:30:03.517890586-04:00,2026-06-01 13:30:03.517720605+00:00,0,2,38,T,N,0,309.47,10,0,169981,51450351,AAPL
2026-06-01 09:30:03.517890586-04:00,2026-06-01 13:30:03.517720605+00:00,0,2,38,T,B,0,309.49,6,0,169981,51450352,AAPL
2026-06-01 09:30:03.519650803-04:00,2026-06-01 13:30:03.519481276+00:00,0,2,38,T,B,0,309.49,6,0,169527,51451291,AAPL
2026-06-01 09:30:03.530960348-04:00,2026-06-01 13:30:03.530791705+00:00,0,2,38,T,B,0,309.49,3,0,168643,51455066,AAPL
2026-06-01 09:30:03.537606690-04:00,2026-06-01 13:30:03.537437209+00:00,0,2,38,T,B,0,309.49,43,0,169481,51456901,AAPL
2026-06-01 09:30:03.537606690-04:00,2026-06-01 13:30:03.537437209+00:00,0,2,38,T,B,0,309.49,40,0,169481,51456902,AAPL
2026-06-01 09:30:03.537606690-04:00,2026-06-01 13:30:03.537437209+00:00,0,2,38,T,B,0,309.5,37,0,169481,51456903,AAPL
2026-06-01 09:30:03.541576137-04:00,2026-06-01 13:30:03.541406697+00:00,0,2,38,T,B,0,309.5,83,0,169440,51457828,AAPL
2026-06-01 09:30:03.541576137-04:00,2026-06-01 13:30:03.541406697+00:00,0,2,38,T,B,0,309.5,9,0,169440,51457829,AAPL
2026-06-01 09:30:03.541576137-04:00,2026-06-01 13:30:03.541406697+00:00,0,2,38,T,B,0,309.5,28,0,169440,51457830,AAPL
2026-06-01 09:30:03.545376839-04:00,2026-06-01 13:30:03.545208705+00:00,0,2,38,T,B,0,309.5,12,0,168134,51459030,AAPL
2026-06-01 09:30:03.545376839-04:00,2026-06-01 13:30:03.545208705+00:00,0,2,38,T,B,0,309.5,108,0,168134,51459031,AAPL
2026-06-01 09:30:03.548489383-04:00,2026-06-01 13:30:03.548320949+00:00,0,2,38,T,B,0,309.5,12,0,168434,51459929,AAPL
2026-06-01 09:30:03.548489383-04:00,2026-06-01 13:30:03.548320949+00:00,0,2,38,T,B,0,309.5,108,0,168434,51459930,AAPL
2026-06-01 09:30:03.548992937-04:00,2026-06-01 13:30:03.548825263+00:00,0,2,38,T,N,0,309.48,8,128,167674,51460040,AAPL
2026-06-01 09:30:03.551911365-04:00,2026-06-01 13:30:03.551742725+00:00,0,2,38,T,N,0,309.48,120,128,168640,51460741,AAPL
2026-06-01 09:30:03.554453226-04:00,2026-06-01 13:30:03.554283353+00:00,0,2,38,T,B,0,309.5,12,0,169873,51462076,AAPL
2026-06-01 09:30:03.554453226-04:00,2026-06-01 13:30:03.554283353+00:00,0,2,38,T,B,0,309.5,108,0,169873,51462077,AAPL
2026-06-01 09:30:03.557765406-04:00,2026-06-01 13:30:03.557595912+00:00,0,2,38,T,B,0,309.5,12,0,169494,51463399,AAPL
2026-06-01 09:30:03.557765406-04:00,2026-06-01 13:30:03.557595912+00:00,0,2,38,T,B,0,309.5,40,0,169494,51463400,AAPL
2026-06-01 09:30:03.557765406-04:00,2026-06-01 13:30:03.557595912+00:00,0,2,38,T,B,0,309.5,68,0,169494,51463401,AAPL
2026-06-01 09:30:03.561889504-04:00,2026-06-01 13:30:03.561721301+00:00,0,2,38,T,B,0,309.5,9,0,168203,51464885,AAPL
2026-06-01 09:30:03.561889504-04:00,2026-06-01 13:30:03.561721301+00:00,0,2,38,T,B,0,309.5,17,0,168203,51464886,AAPL
2026-06-01 09:30:03.562825319-04:00,2026-06-01 13:30:03.562657650+00:00,0,2,38,T,N,0,309.445,48,128,167669,51465155,AAPL
2026-06-01 09:30:03.564098136-04:00,2026-06-01 13:30:03.563927741+00:00,0,2,38,T,N,0,309.4,100,0,170395,51465387,AAPL
2026-06-01 09:30:03.564098136-04:00,2026-06-01 13:30:03.563927741+00:00,0,2,38,T,N,0,309.4,51,0,170395,51465388,AAPL
2026-06-01 09:30:03.564098136-04:00,2026-06-01 13:30:03.563927741+00:00,0,2,38,T,A,0,309.39,40,0,170395,51465389,AAPL
2026-06-01 09:30:03.564098136-04:00,2026-06-01 13:30:03.563927741+00:00,0,2,38,T,A,0,309.39,40,0,170395,51465390,AAPL
2026-06-01 09:30:03.568061432-04:00,2026-06-01 13:30:03.567893622+00:00,0,2,38,T,N,0,309.48,11,128,167810,51466459,AAPL
2026-06-01 09:30:03.575512539-04:00,2026-06-01 13:30:03.575344556+00:00,0,2,38,T,N,0,309.48,2,128,167983,51468774,AAPL
2026-06-01 09:30:03.590398815-04:00,2026-06-01 13:30:03.590231301+00:00,0,2,38,T,B,0,309.49,3,0,167514,51473071,AAPL
2026-06-01 09:30:03.599327589-04:00,2026-06-01 13:30:03.599159921+00:00,0,2,38,T,B,0,309.49,9,0,167668,51475460,AAPL
2026-06-01 09:30:03.599448460-04:00,2026-06-01 13:30:03.599277972+00:00,0,2,38,T,B,0,309.5,23,0,170488,51475534,AAPL
2026-06-01 09:30:03.599448460-04:00,2026-06-01 13:30:03.599277972+00:00,0,2,38,T,B,0,309.5,8,0,170488,51475535,AAPL
2026-06-01 09:30:03.599448460-04:00,2026-06-01 13:30:03.599277972+00:00,0,2,38,T,B,0,309.5,40,0,170488,51475536,AAPL
2026-06-01 09:30:03.599448460-04:00,2026-06-01 13:30:03.599277972+00:00,0,2,38,T,N,0,309.5,71,128,170488,51475537,AAPL
2026-06-01 09:30:03.600945321-04:00,2026-06-01 13:30:03.600772810+00:00,0,2,38,T,B,0,309.51,1,0,172511,51476148,AAPL
2026-06-01 09:30:03.600968409-04:00,2026-06-01 13:30:03.600798241+00:00,0,2,38,T,B,0,309.51,79,0,170168,51476158,AAPL
2026-06-01 09:30:03.600968409-04:00,2026-06-01 13:30:03.600798241+00:00,0,2,38,T,B,0,309.51,35,0,170168,51476159,AAPL
2026-06-01 09:30:03.600968409-04:00,2026-06-01 13:30:03.600798241+00:00,0,2,38,T,B,0,309.51,40,0,170168,51476160,AAPL
2026-06-01 09:30:03.600968409-04:00,2026-06-01 13:30:03.600798241+00:00,0,2,38,T,N,0,309.51,51,128,170168,51476161,AAPL
2026-06-01 09:30:03.601056042-04:00,2026-06-01 13:30:03.600887576+00:00,0,2,38,T,N,0,309.49,1,128,168466,51476177,AAPL
2026-06-01 09:30:03.601400953-04:00,2026-06-01 13:30:03.601231979+00:00,0,2,38,T,N,0,309.49,1,128,168974,51476308,AAPL
2026-06-01 09:30:03.607039834-04:00,2026-06-01 13:30:03.606871285+00:00,0,2,38,T,B,0,309.51,3,0,168549,51479071,AAPL
2026-06-01 09:30:03.607064226-04:00,2026-06-01 13:30:03.606892819+00:00,0,2,38,T,B,0,309.51,77,0,171407,51479080,AAPL
2026-06-01 09:30:03.607064226-04:00,2026-06-01 13:30:03.606892819+00:00,0,2,38,T,B,0,309.51,40,0,171407,51479082,AAPL
2026-06-01 09:30:03.607064226-04:00,2026-06-01 13:30:03.606892819+00:00,0,2,38,T,N,0,309.51,100,128,171407,51479083,AAPL
2026-06-01 09:30:03.607135686-04:00,2026-06-01 13:30:03.606967116+00:00,0,2,38,T,B,0,309.46,6,0,168570,51479121,AAPL
2026-06-01 09:30:03.616381408-04:00,2026-06-01 13:30:03.616204284+00:00,0,2,38,T,N,0,309.455,18,0,177124,51482329,AAPL
2026-06-01 09:30:03.616381408-04:00,2026-06-01 13:30:03.616204284+00:00,0,2,38,T,N,0,309.455,16,0,177124,51482330,AAPL
2026-06-01 09:30:03.616381408-04:00,2026-06-01 13:30:03.616204284+00:00,0,2,38,T,N,0,309.41,50,0,177124,51482331,AAPL
2026-06-01 09:30:03.616381408-04:00,2026-06-01 13:30:03.616204284+00:00,0,2,38,T,N,0,309.4,100,0,177124,51482332,AAPL
2026-06-01 09:30:03.616381408-04:00,2026-06-01 13:30:03.616204284+00:00,0,2,38,T,A,0,309.39,64,0,177124,51482333,AAPL
2026-06-01 09:30:03.616381408-04:00,2026-06-01 13:30:03.616204284+00:00,0,2,38,T,A,0,309.39,16,0,177124,51482334,AAPL
2026-06-01 09:30:03.616396486-04:00,2026-06-01 13:30:03.616228930+00:00,0,2,38,T,A,0,309.39,1,0,167556,51482355,AAPL
2026-06-01 09:30:03.616840697-04:00,2026-06-01 13:30:03.616673027+00:00,0,2,38,T,N,0,309.49,2,128,167670,51482523,AAPL
2026-06-01 09:30:03.619654711-04:00,2026-06-01 13:30:03.619487122+00:00,0,2,38,T,B,0,309.5,1,0,167589,51483268,AAPL
2026-06-01 09:30:03.627013903-04:00,2026-06-01 13:30:03.626845553+00:00,0,2,38,T,N,0,309.445,80,128,168350,51485387,AAPL
2026-06-01 09:30:03.630755585-04:00,2026-06-01 13:30:03.630587897+00:00,0,2,38,T,N,0,309.48,2,128,167688,51486341,AAPL
2026-06-01 09:30:03.636391565-04:00,2026-06-01 13:30:03.636224125+00:00,0,2,38,T,N,0,309.48,1,128,167440,51487816,AAPL
2026-06-01 09:30:03.642828770-04:00,2026-06-01 13:30:03.642656439+00:00,0,2,38,T,B,0,309.5,3,0,172331,51490180,AAPL
2026-06-01 09:30:03.642886137-04:00,2026-06-01 13:30:03.642713221+00:00,0,2,38,T,B,0,309.5,2,0,172916,51490234,AAPL
2026-06-01 09:30:03.642886137-04:00,2026-06-01 13:30:03.642713221+00:00,0,2,38,T,B,0,309.5,64,0,172916,51490235,AAPL
2026-06-01 09:30:03.642886137-04:00,2026-06-01 13:30:03.642713221+00:00,0,2,38,T,B,0,309.5,40,0,172916,51490236,AAPL
2026-06-01 09:30:03.642886137-04:00,2026-06-01 13:30:03.642713221+00:00,0,2,38,T,B,0,309.5,80,0,172916,51490237,AAPL
2026-06-01 09:30:03.642886137-04:00,2026-06-01 13:30:03.642713221+00:00,0,2,38,T,N,0,309.5,28,128,172916,51490238,AAPL
2026-06-01 09:30:03.653456718-04:00,2026-06-01 13:30:03.653287771+00:00,0,2,38,T,N,0,309.42,52,0,168947,51493704,AAPL
2026-06-01 09:30:03.653456718-04:00,2026-06-01 13:30:03.653287771+00:00,0,2,38,T,N,0,309.42,100,128,168947,51493705,AAPL
2026-06-01 09:30:03.662457097-04:00,2026-06-01 13:30:03.662287444+00:00,0,2,38,T,B,0,309.51,9,0,169653,51496265,AAPL
2026-06-01 09:30:03.667919158-04:00,2026-06-01 13:30:03.667751308+00:00,0,2,38,T,B,0,309.51,1,0,167850,51497844,AAPL
2026-06-01 09:30:03.778438275-04:00,2026-06-01 13:30:03.778269782+00:00,0,2,38,T,N,0,309.45,20,128,168493,51529718,AAPL
2026-06-01 09:30:03.778745159-04:00,2026-06-01 13:30:03.778573372+00:00,0,2,38,T,N,0,309.43,300,0,171787,51529815,AAPL
2026-06-01 09:30:03.778745159-04:00,2026-06-01 13:30:03.778573372+00:00,0,2,38,T,N,0,309.48,100,0,171787,51529816,AAPL
2026-06-01 09:30:03.778745159-04:00,2026-06-01 13:30:03.778573372+00:00,0,2,38,T,B,0,309.51,6,0,171787,51529817,AAPL
2026-06-01 09:30:03.783116117-04:00,2026-06-01 13:30:03.782945983+00:00,0,2,38,T,N,0,309.44,100,128,170134,51531143,AAPL
2026-06-01 09:30:03.784114683-04:00,2026-06-01 13:30:03.783943034+00:00,0,2,38,T,N,0,309.39,100,0,171649,51531357,AAPL
2026-06-01 09:30:03.784114683-04:00,2026-06-01 13:30:03.783943034+00:00,0,2,38,T,A,0,309.38,36,0,171649,51531358,AAPL
2026-06-01 09:30:03.784114683-04:00,2026-06-01 13:30:03.783943034+00:00,0,2,38,T,A,0,309.38,80,0,171649,51531359,AAPL
2026-06-01 09:30:03.784114683-04:00,2026-06-01 13:30:03.783943034+00:00,0,2,38,T,A,0,309.38,40,0,171649,51531360,AAPL
2026-06-01 09:30:03.784114683-04:00,2026-06-01 13:30:03.783943034+00:00,0,2,38,T,A,0,309.38,40,0,171649,51531361,AAPL
2026-06-01 09:30:03.784137287-04:00,2026-06-01 13:30:03.783969806+00:00,0,2,38,T,B,0,309.37,63,0,167481,51531367,AAPL
2026-06-01 09:30:03.784716273-04:00,2026-06-01 13:30:03.784547491+00:00,0,2,38,T,N,0,309.38,100,128,168782,51531503,AAPL
2026-06-01 09:30:03.793168322-04:00,2026-06-01 13:30:03.793000282+00:00,0,2,38,T,N,0,309.42,160,128,168040,51534147,AAPL
2026-06-01 09:30:03.793712186-04:00,2026-06-01 13:30:03.793544225+00:00,0,2,38,T,N,0,309.42,40,128,167961,51534383,AAPL
2026-06-01 09:30:03.794431554-04:00,2026-06-01 13:30:03.794263857+00:00,0,2,38,T,N,0,309.44,1,128,167697,51534710,AAPL
2026-06-01 09:30:03.795457786-04:00,2026-06-01 13:30:03.795290393+00:00,0,2,38,T,N,0,309.44,1,128,167393,51535028,AAPL
2026-06-01 09:30:03.797253087-04:00,2026-06-01 13:30:03.797081381+00:00,0,2,38,T,N,0,309.38,100,0,171706,51535576,AAPL
2026-06-01 09:30:03.797253087-04:00,2026-06-01 13:30:03.797081381+00:00,0,2,38,T,A,0,309.36,40,0,171706,51535577,AAPL
2026-06-01 09:30:03.797253087-04:00,2026-06-01 13:30:03.797081381+00:00,0,2,38,T,A,0,309.36,30,0,171706,51535578,AAPL
2026-06-01 09:30:03.797706392-04:00,2026-06-01 13:30:03.797537421+00:00,0,2,38,T,N,0,309.42,1,128,168971,51535683,AAPL
2026-06-01 09:30:03.829690841-04:00,2026-06-01 13:30:03.829522306+00:00,0,2,38,T,A,0,309.36,40,0,168535,51545210,AAPL
2026-06-01 09:30:03.829690841-04:00,2026-06-01 13:30:03.829522306+00:00,0,2,38,T,A,0,309.36,40,0,168535,51545211,AAPL
2026-06-01 09:30:03.830304676-04:00,2026-06-01 13:30:03.830136463+00:00,0,2,38,T,N,0,309.37,100,128,168213,51545413,AAPL
2026-06-01 09:30:03.955081442-04:00,2026-06-01 13:30:03.954911137+00:00,0,2,38,T,N,0,309.34,160,128,170305,51581601,AAPL
2026-06-01 09:30:03.955130880-04:00,2026-06-01 13:30:03.954960809+00:00,0,2,38,T,A,0,309.32,7,0,170071,51581629,AAPL
2026-06-01 09:30:03.955658227-04:00,2026-06-01 13:30:03.955487976+00:00,0,2,38,T,A,0,309.3,1,0,170251,51581899,AAPL
2026-06-01 09:30:03.955658227-04:00,2026-06-01 13:30:03.955487976+00:00,0,2,38,T,A,0,309.3,20,0,170251,51581900,AAPL
2026-06-01 09:30:03.957558436-04:00,2026-06-01 13:30:03.957389733+00:00,0,2,38,T,N,0,309.3,1,0,168703,51582628,AAPL
2026-06-01 09:30:03.957558436-04:00,2026-06-01 13:30:03.957389733+00:00,0,2,38,T,A,0,309.29,99,0,168703,51582629,AAPL
2026-06-01 09:30:03.957567649-04:00,2026-06-01 13:30:03.957396864+00:00,0,2,38,T,A,0,309.29,1,0,170785,51582630,AAPL
2026-06-01 09:30:03.957567649-04:00,2026-06-01 13:30:03.957396864+00:00,0,2,38,T,A,0,309.29,2,0,170785,51582631,AAPL
2026-06-01 09:30:03.957567649-04:00,2026-06-01 13:30:03.957396864+00:00,0,2,38,T,A,0,309.29,40,0,170785,51582632,AAPL
2026-06-01 09:30:03.989106899-04:00,2026-06-01 13:30:03.988935335+00:00,0,2,38,T,N,0,309.28,1,128,171564,51591313,AAPL
2026-06-01 09:30:04.007491582-04:00,2026-06-01 13:30:04.007322699+00:00,0,2,38,T,A,0,309.34,23,0,168883,51597317,AAPL
2026-06-01 09:30:04.020649448-04:00,2026-06-01 13:30:04.020481900+00:00,0,2,38,T,N,0,309.39,40,128,167548,51600745,AAPL
2026-06-01 09:30:04.020774145-04:00,2026-06-01 13:30:04.020606641+00:00,0,2,38,T,N,0,309.39,40,128,167504,51600761,AAPL
2026-06-01 09:30:04.071925699-04:00,2026-06-01 13:30:04.071757765+00:00,0,2,38,T,N,0,309.25,1,128,167934,51616429,AAPL
2026-06-01 09:30:04.125797155-04:00,2026-06-01 13:30:04.125628156+00:00,0,2,38,T,N,0,309.25,1,128,168999,51633038,AAPL
2026-06-01 09:30:04.125831532-04:00,2026-06-01 13:30:04.125663315+00:00,0,2,38,T,A,0,309.25,1,0,168217,51633048,AAPL
2026-06-01 09:30:04.125853535-04:00,2026-06-01 13:30:04.125685805+00:00,0,2,38,T,A,0,309.24,1,0,167730,51633056,AAPL
2026-06-01 09:30:04.126114354-04:00,2026-06-01 13:30:04.125946330+00:00,0,2,38,T,N,0,309.24,80,128,168024,51633160,AAPL
2026-06-01 09:30:04.127843340-04:00,2026-06-01 13:30:04.127675483+00:00,0,2,38,T,A,0,309.22,4,0,167857,51633596,AAPL
2026-06-01 09:30:04.127868865-04:00,2026-06-01 13:30:04.127698705+00:00,0,2,38,T,A,0,309.22,36,0,170160,51633601,AAPL
2026-06-01 09:30:04.127868865-04:00,2026-06-01 13:30:04.127698705+00:00,0,2,38,T,A,0,309.22,40,0,170160,51633602,AAPL
2026-06-01 09:30:04.127868865-04:00,2026-06-01 13:30:04.127698705+00:00,0,2,38,T,A,0,309.22,55,0,170160,51633603,AAPL
2026-06-01 09:30:04.128348151-04:00,2026-06-01 13:30:04.128180190+00:00,0,2,38,T,N,0,309.21,6,128,167961,51633684,AAPL
2026-06-01 09:30:04.141557683-04:00,2026-06-01 13:30:04.141390019+00:00,0,2,38,T,N,0,309.28,80,128,167664,51637369,AAPL
2026-06-01 09:30:04.141572214-04:00,2026-06-01 13:30:04.141403936+00:00,0,2,38,T,N,0,309.28,16,128,168278,51637371,AAPL
2026-06-01 09:30:04.142214773-04:00,2026-06-01 13:30:04.142047320+00:00,0,2,38,T,N,0,309.3,1,128,167453,51637534,AAPL
2026-06-01 09:30:04.145008855-04:00,2026-06-01 13:30:04.144841473+00:00,0,2,38,T,N,0,309.28,1,128,167382,51638711,AAPL
2026-06-01 09:30:04.145739828-04:00,2026-06-01 13:30:04.145572231+00:00,0,2,38,T,N,0,309.27,1,128,167597,51638929,AAPL
2026-06-01 09:30:04.160711335-04:00,2026-06-01 13:30:04.160543632+00:00,0,2,38,T,N,0,309.25,45,128,167703,51643119,AAPL
2026-06-01 09:30:04.170659777-04:00,2026-06-01 13:30:04.170489463+00:00,0,2,38,T,N,0,309.21,46,128,170314,51645727,AAPL
2026-06-01 09:30:04.170660355-04:00,2026-06-01 13:30:04.170492639+00:00,0,2,38,T,N,0,309.21,46,128,167716,51645728,AAPL
2026-06-01 09:30:04.170680818-04:00,2026-06-01 13:30:04.170509335+00:00,0,2,38,T,N,0,309.21,2,0,171483,51645729,AAPL
2026-06-01 09:30:04.170680818-04:00,2026-06-01 13:30:04.170509335+00:00,0,2,38,T,N,0,309.2,10,0,171483,51645730,AAPL
2026-06-01 09:30:04.170680818-04:00,2026-06-01 13:30:04.170509335+00:00,0,2,38,T,N,0,309.2,8,128,171483,51645731,AAPL
2026-06-01 09:30:04.170686103-04:00,2026-06-01 13:30:04.170509335+00:00,0,2,38,T,A,0,309.2,3,0,176768,51645732,AAPL
2026-06-01 09:30:04.170686103-04:00,2026-06-01 13:30:04.170509335+00:00,0,2,38,T,A,0,309.2,1,0,176768,51645733,AAPL
2026-06-01 09:30:04.170686103-04:00,2026-06-01 13:30:04.170509335+00:00,0,2,38,T,A,0,309.2,1,0,176768,51645734,AAPL
2026-06-01 09:30:04.170686103-04:00,2026-06-01 13:30:04.170509335+00:00,0,2,38,T,A,0,309.2,1,0,176768,51645735,AAPL
2026-06-01 09:30:04.170686103-04:00,2026-06-01 13:30:04.170509335+00:00,0,2,38,T,A,0,309.2,20,0,176768,51645736,AAPL
2026-06-01 09:30:04.170714597-04:00,2026-06-01 13:30:04.170545930+00:00,0,2,38,T,A,0,309.2,20,0,168667,51645746,AAPL
2026-06-01 09:30:04.180230136-04:00,2026-06-01 13:30:04.180060588+00:00,0,2,38,T,N,0,309.19,1,128,169548,51647946,AAPL
2026-06-01 09:30:04.241014538-04:00,2026-06-01 13:30:04.240846224+00:00,0,2,38,T,N,0,309.21,1,128,168314,51662926,AAPL
2026-06-01 09:30:04.249481883-04:00,2026-06-01 13:30:04.249313189+00:00,0,2,38,T,N,0,309.2,1,128,168694,51665209,AAPL
2026-06-01 09:30:04.249503709-04:00,2026-06-01 13:30:04.249335792+00:00,0,2,38,T,N,0,309.2,1,128,167917,51665213,AAPL
2026-06-01 09:30:04.249604064-04:00,2026-06-01 13:30:04.249436348+00:00,0,2,38,T,N,0,309.2,1,128,167716,51665239,AAPL
2026-06-01 09:30:04.249607766-04:00,2026-06-01 13:30:04.249440432+00:00,0,2,38,T,N,0,309.2,1,128,167334,51665240,AAPL
2026-06-01 09:30:04.249963692-04:00,2026-06-01 13:30:04.249796078+00:00,0,2,38,T,N,0,309.2,1,128,167614,51665315,AAPL
2026-06-01 09:30:04.251389446-04:00,2026-06-01 13:30:04.251221149+00:00,0,2,38,T,N,0,309.21,1,128,168297,51665517,AAPL
2026-06-01 09:30:04.255201387-04:00,2026-06-01 13:30:04.255033555+00:00,0,2,38,T,N,0,309.21,2,128,167832,51666692,AAPL
2026-06-01 09:30:04.263959442-04:00,2026-06-01 13:30:04.263789923+00:00,0,2,38,T,N,0,309.21,2,128,169519,51668721,AAPL
2026-06-01 09:30:04.264887082-04:00,2026-06-01 13:30:04.264719128+00:00,0,2,38,T,N,0,309.2,1,128,167954,51669164,AAPL
2026-06-01 09:30:04.265116006-04:00,2026-06-01 13:30:04.264948579+00:00,0,2,38,T,N,0,309.21,3,128,167427,51669211,AAPL
2026-06-01 09:30:04.267134833-04:00,2026-06-01 13:30:04.266966992+00:00,0,2,38,T,N,0,309.2,94,128,167841,51669647,AAPL
2026-06-01 09:30:04.267226670-04:00,2026-06-01 13:30:04.267058905+00:00,0,2,38,T,N,0,309.2,100,128,167765,51669670,AAPL
2026-06-01 09:30:04.267365988-04:00,2026-06-01 13:30:04.267198592+00:00,0,2,38,T,N,0,309.2,100,128,167396,51669690,AAPL
2026-06-01 09:30:04.267400905-04:00,2026-06-01 13:30:04.267233097+00:00,0,2,38,T,N,0,309.2,6,128,167808,51669697,AAPL
2026-06-01 09:30:04.268237783-04:00,2026-06-01 13:30:04.268066073+00:00,0,2,38,T,B,0,309.22,1,0,171710,51669941,AAPL
2026-06-01 09:30:04.269447403-04:00,2026-06-01 13:30:04.269279697+00:00,0,2,38,T,B,0,309.22,10,0,167706,51670210,AAPL
2026-06-01 09:30:04.269482683-04:00,2026-06-01 13:30:04.269314011+00:00,0,2,38,T,N,0,309.2,45,0,168672,51670216,AAPL
2026-06-01 09:30:04.269482683-04:00,2026-06-01 13:30:04.269314011+00:00,0,2,38,T,N,0,309.2,100,128,168672,51670217,AAPL
2026-06-01 09:30:04.269569087-04:00,2026-06-01 13:30:04.269401696+00:00,0,2,38,T,N,0,309.2,100,128,167391,51670228,AAPL
2026-06-01 09:30:04.269661976-04:00,2026-06-01 13:30:04.269490560+00:00,0,2,38,T,N,0,309.2,55,128,171416,51670239,AAPL
2026-06-01 09:30:04.269919686-04:00,2026-06-01 13:30:04.269752222+00:00,0,2,38,T,B,0,309.22,24,0,167464,51670294,AAPL
2026-06-01 09:30:04.269977050-04:00,2026-06-01 13:30:04.269807881+00:00,0,2,38,T,N,0,309.21,200,0,169169,51670299,AAPL
2026-06-01 09:30:04.269977050-04:00,2026-06-01 13:30:04.269807881+00:00,0,2,38,T,B,0,309.25,40,0,169169,51670300,AAPL
2026-06-01 09:30:04.269977050-04:00,2026-06-01 13:30:04.269807881+00:00,0,2,38,T,B,0,309.25,40,0,169169,51670301,AAPL
2026-06-01 09:30:04.269979743-04:00,2026-06-01 13:30:04.269807881+00:00,0,2,38,T,B,0,309.25,31,0,171862,51670302,AAPL
2026-06-01 09:30:04.269979743-04:00,2026-06-01 13:30:04.269807881+00:00,0,2,38,T,B,0,309.25,31,0,171862,51670303,AAPL
2026-06-01 09:30:04.269979743-04:00,2026-06-01 13:30:04.269807881+00:00,0,2,38,T,B,0,309.25,200,0,171862,51670304,AAPL
2026-06-01 09:30:04.269979743-04:00,2026-06-01 13:30:04.269807881+00:00,0,2,38,T,N,0,309.25,142,128,171862,51670305,AAPL
2026-06-01 09:30:04.269998128-04:00,2026-06-01 13:30:04.269830269+00:00,0,2,38,T,B,0,309.25,58,0,167859,51670311,AAPL
2026-06-01 09:30:04.270066613-04:00,2026-06-01 13:30:04.269898480+00:00,0,2,38,T,A,0,309.23,100,0,168133,51670330,AAPL
2026-06-01 09:30:04.274418713-04:00,2026-06-01 13:30:04.274251406+00:00,0,2,38,T,N,0,309.22,2,128,167307,51671473,AAPL
2026-06-01 09:30:04.327883047-04:00,2026-06-01 13:30:04.327713200+00:00,0,2,38,T,N,0,309.21,40,0,169847,51683055,AAPL
2026-06-01 09:30:04.327883047-04:00,2026-06-01 13:30:04.327713200+00:00,0,2,38,T,N,0,309.2,100,0,169847,51683056,AAPL
2026-06-01 09:30:04.327883047-04:00,2026-06-01 13:30:04.327713200+00:00,0,2,38,T,N,0,309.19,19,128,169847,51683057,AAPL
2026-06-01 09:30:04.327888062-04:00,2026-06-01 13:30:04.327713200+00:00,0,2,38,T,N,0,309.19,1,0,174862,51683058,AAPL
2026-06-01 09:30:04.327888062-04:00,2026-06-01 13:30:04.327713200+00:00,0,2,38,T,A,0,309.19,1,0,174862,51683059,AAPL
2026-06-01 09:30:04.327888062-04:00,2026-06-01 13:30:04.327713200+00:00,0,2,38,T,N,0,309.17,1,0,174862,51683060,AAPL
2026-06-01 09:30:04.327888062-04:00,2026-06-01 13:30:04.327713200+00:00,0,2,38,T,A,0,309.17,40,0,174862,51683061,AAPL
2026-06-01 09:30:04.327888062-04:00,2026-06-01 13:30:04.327713200+00:00,0,2,38,T,A,0,309.17,40,0,174862,51683062,AAPL
2026-06-01 09:30:04.327992347-04:00,2026-06-01 13:30:04.327822980+00:00,0,2,38,T,B,0,309.19,100,0,169367,51683140,AAPL
2026-06-01 09:30:04.327992347-04:00,2026-06-01 13:30:04.327822980+00:00,0,2,38,T,B,0,309.19,100,0,169367,51683141,AAPL
2026-06-01 09:30:04.328021341-04:00,2026-06-01 13:30:04.327853805+00:00,0,2,38,T,B,0,309.19,1,0,167536,51683145,AAPL
2026-06-01 09:30:04.328023777-04:00,2026-06-01 13:30:04.327856057+00:00,0,2,38,T,B,0,309.19,32,0,167720,51683146,AAPL
2026-06-01 09:30:04.328040846-04:00,2026-06-01 13:30:04.327873103+00:00,0,2,38,T,B,0,309.19,7,0,167743,51683148,AAPL
2026-06-01 09:30:04.329801830-04:00,2026-06-01 13:30:04.329631709+00:00,0,2,38,T,N,0,309.16,8,0,170121,51683662,AAPL
2026-06-01 09:30:04.329801830-04:00,2026-06-01 13:30:04.329631709+00:00,0,2,38,T,N,0,309.16,100,0,170121,51683663,AAPL
2026-06-01 09:30:04.329801830-04:00,2026-06-01 13:30:04.329631709+00:00,0,2,38,T,N,0,309.15,5,128,170121,51683664,AAPL
2026-06-01 09:30:04.329804843-04:00,2026-06-01 13:30:04.329631709+00:00,0,2,38,T,N,0,309.15,2,0,173134,51683665,AAPL
2026-06-01 09:30:04.329804843-04:00,2026-06-01 13:30:04.329631709+00:00,0,2,38,T,N,0,309.15,2,0,173134,51683666,AAPL
2026-06-01 09:30:04.329804843-04:00,2026-06-01 13:30:04.329631709+00:00,0,2,38,T,N,0,309.15,1,0,173134,51683667,AAPL
2026-06-01 09:30:04.329804843-04:00,2026-06-01 13:30:04.329631709+00:00,0,2,38,T,N,0,309.15,33,0,173134,51683668,AAPL
2026-06-01 09:30:04.329804843-04:00,2026-06-01 13:30:04.329631709+00:00,0,2,38,T,A,0,309.15,29,0,173134,51683669,AAPL
2026-06-01 09:30:04.331000692-04:00,2026-06-01 13:30:04.330833301+00:00,0,2,38,T,N,0,309.17,2,128,167391,51683920,AAPL
2026-06-01 09:30:04.339821690-04:00,2026-06-01 13:30:04.339649598+00:00,0,2,38,T,N,0,309.16,100,0,172092,51685896,AAPL
2026-06-01 09:30:04.339821690-04:00,2026-06-01 13:30:04.339649598+00:00,0,2,38,T,A,0,309.15,21,0,172092,51685897,AAPL
2026-06-01 09:30:04.339821690-04:00,2026-06-01 13:30:04.339649598+00:00,0,2,38,T,A,0,309.15,1,0,172092,51685898,AAPL
2026-06-01 09:30:04.339821690-04:00,2026-06-01 13:30:04.339649598+00:00,0,2,38,T,A,0,309.15,40,0,172092,51685899,AAPL
2026-06-01 09:30:04.339821690-04:00,2026-06-01 13:30:04.339649598+00:00,0,2,38,T,A,0,309.15,29,0,172092,51685900,AAPL
2026-06-01 09:30:04.363246179-04:00,2026-06-01 13:30:04.363074953+00:00,0,2,38,T,A,0,309.15,11,0,171226,51690482,AAPL
2026-06-01 09:30:04.363246179-04:00,2026-06-01 13:30:04.363074953+00:00,0,2,38,T,A,0,309.15,9,0,171226,51690483,AAPL
2026-06-01 09:30:04.363246179-04:00,2026-06-01 13:30:04.363074953+00:00,0,2,38,T,A,0,309.15,40,0,171226,51690484,AAPL
2026-06-01 09:30:04.363246179-04:00,2026-06-01 13:30:04.363074953+00:00,0,2,38,T,A,0,309.15,40,0,171226,51690485,AAPL
2026-06-01 09:30:04.364056733-04:00,2026-06-01 13:30:04.363882196+00:00,0,2,38,T,N,0,309.14,40,0,174537,51690648,AAPL
2026-06-01 09:30:04.364056733-04:00,2026-06-01 13:30:04.363882196+00:00,0,2,38,T,N,0,309.13,50,0,174537,51690649,AAPL
2026-06-01 09:30:04.364056733-04:00,2026-06-01 13:30:04.363882196+00:00,0,2,38,T,A,0,309.13,30,0,174537,51690650,AAPL
2026-06-01 09:30:04.368423264-04:00,2026-06-01 13:30:04.368254083+00:00,0,2,38,T,N,0,309.14,40,0,169181,51691510,AAPL
2026-06-01 09:30:04.368423264-04:00,2026-06-01 13:30:04.368254083+00:00,0,2,38,T,A,0,309.13,10,0,169181,51691511,AAPL
2026-06-01 09:30:04.368423264-04:00,2026-06-01 13:30:04.368254083+00:00,0,2,38,T,A,0,309.13,40,0,169181,51691512,AAPL
2026-06-01 09:30:04.368428471-04:00,2026-06-01 13:30:04.368254083+00:00,0,2,38,T,A,0,309.13,40,0,174388,51691513,AAPL
2026-06-01 09:30:04.368428471-04:00,2026-06-01 13:30:04.368254083+00:00,0,2,38,T,N,0,309.11,5,0,174388,51691514,AAPL
2026-06-01 09:30:04.368428471-04:00,2026-06-01 13:30:04.368254083+00:00,0,2,38,T,N,0,309.1,1,0,174388,51691515,AAPL
2026-06-01 09:30:04.368428471-04:00,2026-06-01 13:30:04.368254083+00:00,0,2,38,T,N,0,309.1,1,0,174388,51691516,AAPL
2026-06-01 09:30:04.368428471-04:00,2026-06-01 13:30:04.368254083+00:00,0,2,38,T,N,0,309.1,1,0,174388,51691517,AAPL
2026-06-01 09:30:04.368428471-04:00,2026-06-01 13:30:04.368254083+00:00,0,2,38,T,A,0,309.1,3,0,174388,51691518,AAPL
2026-06-01 09:30:04.368428471-04:00,2026-06-01 13:30:04.368254083+00:00,0,2,38,T,A,0,309.1,499,0,174388,51691519,AAPL
2026-06-01 09:30:04.426162379-04:00,2026-06-01 13:30:04.425994715+00:00,0,2,38,T,A,0,309.1,32,0,167664,51705234,AAPL
2026-06-01 09:30:04.537700397-04:00,2026-06-01 13:30:04.537532562+00:00,0,2,38,T,N,0,309.16,1,128,167835,51741441,AAPL
2026-06-01 09:30:04.583430602-04:00,2026-06-01 13:30:04.583262825+00:00,0,2,38,T,N,0,309.135,1,128,167777,51752108,AAPL
2026-06-01 09:30:04.584597445-04:00,2026-06-01 13:30:04.584425806+00:00,0,2,38,T,N,0,309.135,11,128,171639,51752478,AAPL
2026-06-01 09:30:04.584811335-04:00,2026-06-01 13:30:04.584643869+00:00,0,2,38,T,N,0,309.135,2,128,167466,51752512,AAPL
2026-06-01 09:30:04.590373092-04:00,2026-06-01 13:30:04.590204062+00:00,0,2,38,T,N,0,309.135,3,128,169030,51753729,AAPL
2026-06-01 09:30:04.599620560-04:00,2026-06-01 13:30:04.599453042+00:00,0,2,38,T,N,0,309.135,6,128,167518,51756181,AAPL
2026-06-01 09:30:04.599626146-04:00,2026-06-01 13:30:04.599457860+00:00,0,2,38,T,N,0,309.11,100,0,168286,51756182,AAPL
2026-06-01 09:30:04.599626146-04:00,2026-06-01 13:30:04.599457860+00:00,0,2,38,T,A,0,309.1,1420,0,168286,51756183,AAPL
2026-06-01 09:30:04.599906752-04:00,2026-06-01 13:30:04.599739339+00:00,0,2,38,T,N,0,309.11,8,128,167413,51756283,AAPL
2026-06-01 09:30:04.599920448-04:00,2026-06-01 13:30:04.599752027+00:00,0,2,38,T,N,0,309.11,92,0,168421,51756287,AAPL
2026-06-01 09:30:04.599920448-04:00,2026-06-01 13:30:04.599752027+00:00,0,2,38,T,A,0,309.1,446,0,168421,51756288,AAPL
2026-06-01 09:30:04.599922924-04:00,2026-06-01 13:30:04.599755109+00:00,0,2,38,T,A,0,309.1,321,0,167815,51756290,AAPL
2026-06-01 09:30:04.599941489-04:00,2026-06-01 13:30:04.599771102+00:00,0,2,38,T,A,0,309.1,7231,0,170387,51756296,AAPL
2026-06-01 09:30:04.599941489-04:00,2026-06-01 13:30:04.599771102+00:00,0,2,38,T,A,0,309.1,30,0,170387,51756297,AAPL
2026-06-01 09:30:04.599941489-04:00,2026-06-01 13:30:04.599771102+00:00,0,2,38,T,A,0,309.1,40,0,170387,51756298,AAPL
2026-06-01 09:30:04.599941489-04:00,2026-06-01 13:30:04.599771102+00:00,0,2,38,T,A,0,309.1,2,0,170387,51756299,AAPL
2026-06-01 09:30:04.599968835-04:00,2026-06-01 13:30:04.599797818+00:00,0,2,38,T,N,0,309.09,1,0,171017,51756306,AAPL
2026-06-01 09:30:04.599968835-04:00,2026-06-01 13:30:04.599797818+00:00,0,2,38,T,N,0,309.09,1,0,171017,51756307,AAPL
2026-06-01 09:30:04.599968835-04:00,2026-06-01 13:30:04.599797818+00:00,0,2,38,T,A,0,309.09,35,0,171017,51756308,AAPL
2026-06-01 09:30:04.599971199-04:00,2026-06-01 13:30:04.599799912+00:00,0,2,38,T,A,0,309.09,5,0,171287,51756310,AAPL
2026-06-01 09:30:04.599971199-04:00,2026-06-01 13:30:04.599799912+00:00,0,2,38,T,A,0,309.09,40,0,171287,51756311,AAPL
2026-06-01 09:30:04.600033965-04:00,2026-06-01 13:30:04.599866083+00:00,0,2,38,T,B,0,309.12,100,0,167882,51756345,AAPL
2026-06-01 09:30:04.600071662-04:00,2026-06-01 13:30:04.599903536+00:00,0,2,38,T,A,0,309.1,1,0,168126,51756355,AAPL
2026-06-01 09:30:04.600080903-04:00,2026-06-01 13:30:04.599912750+00:00,0,2,38,T,A,0,309.1,3,0,168153,51756358,AAPL
2026-06-01 09:30:04.600111246-04:00,2026-06-01 13:30:04.599943527+00:00,0,2,38,T,A,0,309.1,3,0,167719,51756365,AAPL
2026-06-01 09:30:04.600126057-04:00,2026-06-01 13:30:04.599957764+00:00,0,2,38,T,A,0,309.1,94,0,168293,51756371,AAPL
2026-06-01 09:30:04.600126057-04:00,2026-06-01 13:30:04.599957764+00:00,0,2,38,T,N,0,309.1,3,128,168293,51756372,AAPL
2026-06-01 09:30:04.600132672-04:00,2026-06-01 13:30:04.599965007+00:00,0,2,38,T,N,0,309.1,53,128,167665,51756373,AAPL
2026-06-01 09:30:04.600188562-04:00,2026-06-01 13:30:04.600020712+00:00,0,2,38,T,N,0,309.11,51,128,167850,51756388,AAPL
2026-06-01 09:30:04.600399963-04:00,2026-06-01 13:30:04.600231243+00:00,0,2,38,T,A,0,309.09,1,0,168720,51756439,AAPL
2026-06-01 09:30:04.600419037-04:00,2026-06-01 13:30:04.600251274+00:00,0,2,38,T,A,0,309.09,79,0,167763,51756443,AAPL
2026-06-01 09:30:04.600525095-04:00,2026-06-01 13:30:04.600357268+00:00,0,2,38,T,A,0,309.1,1,0,167827,51756462,AAPL
2026-06-01 09:30:04.600553021-04:00,2026-06-01 13:30:04.600380934+00:00,0,2,38,T,A,0,309.1,39,0,172087,51756475,AAPL
2026-06-01 09:30:04.600595404-04:00,2026-06-01 13:30:04.600426827+00:00,0,2,38,T,N,0,309.08,1,128,168577,51756489,AAPL
2026-06-01 09:30:04.600602314-04:00,2026-06-01 13:30:04.600434731+00:00,0,2,38,T,N,0,309.08,1,128,167583,51756492,AAPL
2026-06-01 09:30:04.600638131-04:00,2026-06-01 13:30:04.600467801+00:00,0,2,38,T,N,0,309.08,1,128,170330,51756496,AAPL
2026-06-01 09:30:04.600682081-04:00,2026-06-01 13:30:04.600514053+00:00,0,2,38,T,N,0,309.08,1,128,168028,51756505,AAPL
2026-06-01 09:30:04.600722335-04:00,2026-06-01 13:30:04.600555107+00:00,0,2,38,T,N,0,309.08,1,128,167228,51756514,AAPL
2026-06-01 09:30:04.600774777-04:00,2026-06-01 13:30:04.600606192+00:00,0,2,38,T,N,0,309.08,1,128,168585,51756526,AAPL
2026-06-01 09:30:04.600850855-04:00,2026-06-01 13:30:04.600681699+00:00,0,2,38,T,N,0,309.08,1,128,169156,51756539,AAPL
2026-06-01 09:30:04.600888068-04:00,2026-06-01 13:30:04.600720143+00:00,0,2,38,T,N,0,309.08,1,128,167925,51756551,AAPL
2026-06-01 09:30:04.600928244-04:00,2026-06-01 13:30:04.600760412+00:00,0,2,38,T,N,0,309.08,1,128,167832,51756553,AAPL
2026-06-01 09:30:04.600967788-04:00,2026-06-01 13:30:04.600800391+00:00,0,2,38,T,N,0,309.08,1,128,167397,51756558,AAPL
2026-06-01 09:30:04.601006965-04:00,2026-06-01 13:30:04.600838689+00:00,0,2,38,T,N,0,309.08,1,128,168276,51756562,AAPL
2026-06-01 09:30:04.601060838-04:00,2026-06-01 13:30:04.600892402+00:00,0,2,38,T,N,0,309.08,1,128,168436,51756581,AAPL
2026-06-01 09:30:04.601177546-04:00,2026-06-01 13:30:04.601009872+00:00,0,2,38,T,N,0,309.08,1,128,167674,51756630,AAPL
2026-06-01 09:30:04.601249611-04:00,2026-06-01 13:30:04.601081454+00:00,0,2,38,T,A,0,309.08,1,0,168157,51756654,AAPL
2026-06-01 09:30:04.601276715-04:00,2026-06-01 13:30:04.601106444+00:00,0,2,38,T,N,0,309.07,1,0,170271,51756661,AAPL
2026-06-01 09:30:04.601288975-04:00,2026-06-01 13:30:04.601121074+00:00,0,2,38,T,N,0,309.07,1,128,167901,51756669,AAPL
2026-06-01 09:30:04.601503973-04:00,2026-06-01 13:30:04.601335764+00:00,0,2,38,T,N,0,309.07,1,128,168209,51756716,AAPL
2026-06-01 09:30:04.601543361-04:00,2026-06-01 13:30:04.601374352+00:00,0,2,38,T,N,0,309.07,1,0,169009,51756721,AAPL
2026-06-01 09:30:04.601580900-04:00,2026-06-01 13:30:04.601413154+00:00,0,2,38,T,N,0,309.07,1,128,167746,51756752,AAPL
2026-06-01 09:30:04.601740201-04:00,2026-06-01 13:30:04.601572178+00:00,0,2,38,T,A,0,309.07,1,0,168023,51756772,AAPL
2026-06-01 09:30:04.601768366-04:00,2026-06-01 13:30:04.601599477+00:00,0,2,38,T,A,0,309.06,1,0,168889,51756788,AAPL
2026-06-01 09:30:04.601799889-04:00,2026-06-01 13:30:04.601624028+00:00,0,2,38,T,N,0,309.05,17,0,175861,51756817,AAPL
2026-06-01 09:30:04.601799889-04:00,2026-06-01 13:30:04.601624028+00:00,0,2,38,T,A,0,309.05,10,0,175861,51756818,AAPL
2026-06-01 09:30:04.601799889-04:00,2026-06-01 13:30:04.601624028+00:00,0,2,38,T,A,0,309.05,40,0,175861,51756819,AAPL
2026-06-01 09:30:04.601799889-04:00,2026-06-01 13:30:04.601624028+00:00,0,2,38,T,A,0,309.05,40,0,175861,51756820,AAPL
2026-06-01 09:30:04.601809325-04:00,2026-06-01 13:30:04.601641321+00:00,0,2,38,T,A,0,309.05,80,0,168004,51756836,AAPL
2026-06-01 09:30:04.605293057-04:00,2026-06-01 13:30:04.605125093+00:00,0,2,38,T,N,0,309.04,4,128,167964,51757889,AAPL
2026-06-01 09:30:04.605586450-04:00,2026-06-01 13:30:04.605418176+00:00,0,2,38,T,N,0,309.04,10,128,168274,51757971,AAPL
2026-06-01 09:30:04.627722181-04:00,2026-06-01 13:30:04.627553279+00:00,0,2,38,T,B,0,309.09,1,0,168902,51763442,AAPL
2026-06-01 09:30:04.641769333-04:00,2026-06-01 13:30:04.641601295+00:00,0,2,38,T,N,0,309.06,200,128,168038,51766989,AAPL
2026-06-01 09:30:04.689617722-04:00,2026-06-01 13:30:04.689449954+00:00,0,2,38,T,N,0,309.1,1,128,167768,51777686,AAPL
2026-06-01 09:30:04.734061597-04:00,2026-06-01 13:30:04.733893531+00:00,0,2,38,T,N,0,309.08,40,128,168066,51787282,AAPL
2026-06-01 09:30:04.737502588-04:00,2026-06-01 13:30:04.737334838+00:00,0,2,38,T,N,0,309.07,80,128,167750,51788183,AAPL
2026-06-01 09:30:04.753622834-04:00,2026-06-01 13:30:04.753455308+00:00,0,2,38,T,N,0,309.11,4,128,167526,51790643,AAPL
2026-06-01 09:30:04.755614644-04:00,2026-06-01 13:30:04.755447153+00:00,0,2,38,T,N,0,309.11,1,128,167491,51790947,AAPL
2026-06-01 09:30:04.810236004-04:00,2026-06-01 13:30:04.810068322+00:00,0,2,38,T,N,0,309.11,9,128,167682,51800568,AAPL
2026-06-01 09:30:04.858472931-04:00,2026-06-01 13:30:04.858305350+00:00,0,2,38,T,N,0,309.09,40,128,167581,51811697,AAPL
2026-06-01 09:30:04.895654494-04:00,2026-06-01 13:30:04.895486591+00:00,0,2,38,T,N,0,309.11,54,128,167903,51820068,AAPL
2026-06-01 09:30:04.900940210-04:00,2026-06-01 13:30:04.900772730+00:00,0,2,38,T,N,0,309.11,80,128,167480,51821362,AAPL
2026-06-01 09:30:04.905212432-04:00,2026-06-01 13:30:04.905044276+00:00,0,2,38,T,N,0,309.11,45,128,168156,51822360,AAPL
2026-06-01 09:30:04.932048297-04:00,2026-06-01 13:30:04.931878778+00:00,0,2,38,T,N,0,309.11,101,0,169519,51828368,AAPL
2026-06-01 09:30:04.932048297-04:00,2026-06-01 13:30:04.931878778+00:00,0,2,38,T,N,0,309.13,2,128,169519,51828369,AAPL
2026-06-01 09:30:05.027908763-04:00,2026-06-01 13:30:05.027739644+00:00,0,2,38,T,N,0,309.08,1,128,169119,51858611,AAPL
2026-06-01 09:30:05.032084817-04:00,2026-06-01 13:30:05.031915782+00:00,0,2,38,T,N,0,309.11,2,0,169035,51859841,AAPL
2026-06-01 09:30:05.032084817-04:00,2026-06-01 13:30:05.031916147+00:00,0,2,38,T,N,0,309.11,2,128,168670,51859842,AAPL
2026-06-01 09:30:05.032240199-04:00,2026-06-01 13:30:05.032070218+00:00,0,2,38,T,N,0,309.11,1,128,169981,51859871,AAPL
2026-06-01 09:30:05.032501086-04:00,2026-06-01 13:30:05.032332797+00:00,0,2,38,T,N,0,309.11,2,128,168289,51859909,AAPL
2026-06-01 09:30:05.032502044-04:00,2026-06-01 13:30:05.032334504+00:00,0,2,38,T,N,0,309.11,2,128,167540,51859910,AAPL
2026-06-01 09:30:05.032701922-04:00,2026-06-01 13:30:05.032534310+00:00,0,2,38,T,N,0,309.11,4,128,167612,51859988,AAPL
2026-06-01 09:30:05.032998434-04:00,2026-06-01 13:30:05.032830039+00:00,0,2,38,T,N,0,309.11,2,128,168395,51860020,AAPL
2026-06-01 09:30:05.033131335-04:00,2026-06-01 13:30:05.032963722+00:00,0,2,38,T,N,0,309.11,2,128,167613,51860045,AAPL
2026-06-01 09:30:05.033456996-04:00,2026-06-01 13:30:05.033289067+00:00,0,2,38,T,N,0,309.11,1,128,167929,51860134,AAPL
2026-06-01 09:30:05.036322507-04:00,2026-06-01 13:30:05.036154994+00:00,0,2,38,T,N,0,309.11,1,128,167513,51860850,AAPL
2026-06-01 09:30:05.036431875-04:00,2026-06-01 13:30:05.036264253+00:00,0,2,38,T,N,0,309.11,1,128,167622,51860858,AAPL
2026-06-01 09:30:05.039614687-04:00,2026-06-01 13:30:05.039447162+00:00,0,2,38,T,N,0,309.11,1,128,167525,51861972,AAPL
2026-06-01 09:30:05.051200066-04:00,2026-06-01 13:30:05.051032540+00:00,0,2,38,T,N,0,309.11,3,128,167526,51865091,AAPL
2026-06-01 09:30:05.052060235-04:00,2026-06-01 13:30:05.051892559+00:00,0,2,38,T,N,0,309.11,2,128,167676,51865330,AAPL
2026-06-01 09:30:05.055120175-04:00,2026-06-01 13:30:05.054952620+00:00,0,2,38,T,N,0,309.11,3,128,167555,51866133,AAPL
2026-06-01 09:30:05.058490512-04:00,2026-06-01 13:30:05.058323074+00:00,0,2,38,T,N,0,309.11,3,128,167438,51866849,AAPL
2026-06-01 09:30:05.071119244-04:00,2026-06-01 13:30:05.070948972+00:00,0,2,38,T,N,0,309.11,10,128,170272,51869773,AAPL
2026-06-01 09:30:05.080807185-04:00,2026-06-01 13:30:05.080638803+00:00,0,2,38,T,N,0,309.11,1,128,168382,51872502,AAPL
2026-06-01 09:30:05.092807892-04:00,2026-06-01 13:30:05.092632339+00:00,0,2,38,T,N,0,309.11,349,0,175553,51878894,AAPL
2026-06-01 09:30:05.092807892-04:00,2026-06-01 13:30:05.092632339+00:00,0,2,38,T,N,0,309.13,8,0,175553,51878895,AAPL
2026-06-01 09:30:05.092807892-04:00,2026-06-01 13:30:05.092632339+00:00,0,2,38,T,N,0,309.13,2,0,175553,51878896,AAPL
2026-06-01 09:30:05.092807892-04:00,2026-06-01 13:30:05.092632339+00:00,0,2,38,T,B,0,309.15,24,0,175553,51878897,AAPL
2026-06-01 09:30:05.092807892-04:00,2026-06-01 13:30:05.092632339+00:00,0,2,38,T,B,0,309.15,3,0,175553,51878898,AAPL
2026-06-01 09:30:05.092807892-04:00,2026-06-01 13:30:05.092632339+00:00,0,2,38,T,B,0,309.15,1997,0,175553,51878899,AAPL
2026-06-01 09:30:05.092807892-04:00,2026-06-01 13:30:05.092632339+00:00,0,2,38,T,B,0,309.15,40,0,175553,51878900,AAPL
2026-06-01 09:30:05.096787993-04:00,2026-06-01 13:30:05.096619641+00:00,0,2,38,T,N,0,309.1,2,128,168352,51881160,AAPL
2026-06-01 09:30:05.099204341-04:00,2026-06-01 13:30:05.099036090+00:00,0,2,38,T,N,0,309.11,25,128,168251,51881866,AAPL
2026-06-01 09:30:05.111294685-04:00,2026-06-01 13:30:05.111127219+00:00,0,2,38,T,N,0,309.13,1,128,167466,51885862,AAPL
2026-06-01 09:30:05.111420453-04:00,2026-06-01 13:30:05.111252187+00:00,0,2,38,T,N,0,309.13,1,128,168266,51885897,AAPL
2026-06-01 09:30:05.113490025-04:00,2026-06-01 13:30:05.113319928+00:00,0,2,38,T,N,0,309.13,28,0,170097,51886809,AAPL
2026-06-01 09:30:05.113490025-04:00,2026-06-01 13:30:05.113319928+00:00,0,2,38,T,B,0,309.15,3,0,170097,51886810,AAPL
2026-06-01 09:30:05.113490025-04:00,2026-06-01 13:30:05.113319928+00:00,0,2,38,T,B,0,309.15,92,0,170097,51886811,AAPL
2026-06-01 09:30:05.113511739-04:00,2026-06-01 13:30:05.113343615+00:00,0,2,38,T,B,0,309.15,28,0,168124,51886813,AAPL
2026-06-01 09:30:05.113517067-04:00,2026-06-01 13:30:05.113344932+00:00,0,2,38,T,N,0,309.15,28,0,172135,51886814,AAPL
2026-06-01 09:30:05.113517067-04:00,2026-06-01 13:30:05.113346850+00:00,0,2,38,T,N,0,309.15,28,128,170217,51886817,AAPL
2026-06-01 09:30:05.133061688-04:00,2026-06-01 13:30:05.132893274+00:00,0,2,38,T,B,0,309.16,17,0,168414,51892237,AAPL
2026-06-01 09:30:05.133084144-04:00,2026-06-01 13:30:05.132916549+00:00,0,2,38,T,B,0,309.16,19,0,167595,51892240,AAPL
2026-06-01 09:30:05.133388159-04:00,2026-06-01 13:30:05.133219403+00:00,0,2,38,T,B,0,309.17,100,0,168756,51892284,AAPL
2026-06-01 09:30:05.133410984-04:00,2026-06-01 13:30:05.133240971+00:00,0,2,38,T,B,0,309.17,80,0,170013,51892288,AAPL
2026-06-01 09:30:05.133410984-04:00,2026-06-01 13:30:05.133240971+00:00,0,2,38,T,B,0,309.17,130,0,170013,51892289,AAPL
2026-06-01 09:30:05.133410984-04:00,2026-06-01 13:30:05.133240971+00:00,0,2,38,T,B,0,309.17,40,0,170013,51892290,AAPL
2026-06-01 09:30:05.133411732-04:00,2026-06-01 13:30:05.133242729+00:00,0,2,38,T,N,0,309.17,250,128,169003,51892292,AAPL
2026-06-01 09:30:05.133466421-04:00,2026-06-01 13:30:05.133297996+00:00,0,2,38,T,A,0,309.14,100,0,168425,51892302,AAPL
2026-06-01 09:30:05.133466421-04:00,2026-06-01 13:30:05.133297996+00:00,0,2,38,T,A,0,309.14,25,0,168425,51892303,AAPL
2026-06-01 09:30:05.133490248-04:00,2026-06-01 13:30:05.133320036+00:00,0,2,38,T,A,0,309.14,1,0,170212,51892312,AAPL
2026-06-01 09:30:05.133494239-04:00,2026-06-01 13:30:05.133325799+00:00,0,2,38,T,A,0,309.14,7,0,168440,51892315,AAPL
2026-06-01 09:30:05.133501170-04:00,2026-06-01 13:30:05.133332886+00:00,0,2,38,T,A,0,309.14,32,0,168284,51892320,AAPL
2026-06-01 09:30:05.133558674-04:00,2026-06-01 13:30:05.133389639+00:00,0,2,38,T,B,0,309.14,100,0,169035,51892348,AAPL
2026-06-01 09:30:05.134000489-04:00,2026-06-01 13:30:05.133828233+00:00,0,2,38,T,B,0,309.17,80,0,172256,51892616,AAPL
2026-06-01 09:30:05.134000489-04:00,2026-06-01 13:30:05.133828233+00:00,0,2,38,T,B,0,309.17,9,0,172256,51892617,AAPL
2026-06-01 09:30:05.134000489-04:00,2026-06-01 13:30:05.133828233+00:00,0,2,38,T,B,0,309.17,187,0,172256,51892618,AAPL
2026-06-01 09:30:05.134000489-04:00,2026-06-01 13:30:05.133828233+00:00,0,2,38,T,B,0,309.17,9,0,172256,51892619,AAPL
2026-06-01 09:30:05.134000489-04:00,2026-06-01 13:30:05.133828233+00:00,0,2,38,T,B,0,309.17,3,0,172256,51892620,AAPL
2026-06-01 09:30:05.138232140-04:00,2026-06-01 13:30:05.138063948+00:00,0,2,38,T,N,0,309.12,131,128,168192,51894285,AAPL
2026-06-01 09:30:05.159152471-04:00,2026-06-01 13:30:05.158982443+00:00,0,2,38,T,B,0,309.17,80,0,170028,51900221,AAPL
2026-06-01 09:30:05.159152471-04:00,2026-06-01 13:30:05.158982443+00:00,0,2,38,T,B,0,309.17,40,0,170028,51900222,AAPL
2026-06-01 09:30:05.159152471-04:00,2026-06-01 13:30:05.158982443+00:00,0,2,38,T,B,0,309.17,40,0,170028,51900223,AAPL
2026-06-01 09:30:05.159152471-04:00,2026-06-01 13:30:05.158982443+00:00,0,2,38,T,N,0,309.17,45,128,170028,51900224,AAPL
2026-06-01 09:30:05.159464768-04:00,2026-06-01 13:30:05.159297038+00:00,0,2,38,T,B,0,309.17,80,0,167730,51900295,AAPL
2026-06-01 09:30:05.159506973-04:00,2026-06-01 13:30:05.159339325+00:00,0,2,38,T,B,0,309.17,80,0,167648,51900305,AAPL
2026-06-01 09:30:05.159550461-04:00,2026-06-01 13:30:05.159383087+00:00,0,2,38,T,B,0,309.17,80,0,167374,51900313,AAPL
2026-06-01 09:30:05.159593973-04:00,2026-06-01 13:30:05.159426613+00:00,0,2,38,T,B,0,309.17,65,0,167360,51900334,AAPL
2026-06-01 09:30:05.159597613-04:00,2026-06-01 13:30:05.159429088+00:00,0,2,38,T,N,0,309.17,65,128,168525,51900336,AAPL
2026-06-01 09:30:05.159856406-04:00,2026-06-01 13:30:05.159688900+00:00,0,2,38,T,B,0,309.18,80,0,167506,51900412,AAPL
2026-06-01 09:30:05.160117259-04:00,2026-06-01 13:30:05.159949869+00:00,0,2,38,T,B,0,309.18,40,0,167390,51900447,AAPL
2026-06-01 09:30:05.160197137-04:00,2026-06-01 13:30:05.160027421+00:00,0,2,38,T,B,0,309.2,31,0,169716,51900454,AAPL
2026-06-01 09:30:05.173887725-04:00,2026-06-01 13:30:05.173719769+00:00,0,2,38,T,N,0,309.17,250,128,167956,51903622,AAPL
2026-06-01 09:30:05.178048521-04:00,2026-06-01 13:30:05.177880370+00:00,0,2,38,T,N,0,309.2,200,128,168151,51904573,AAPL
2026-06-01 09:30:05.178049703-04:00,2026-06-01 13:30:05.177881564+00:00,0,2,38,T,B,0,309.26,31,0,168139,51904574,AAPL
2026-06-01 09:30:05.196805364-04:00,2026-06-01 13:30:05.196636164+00:00,0,2,38,T,N,0,309.35,100,0,169200,51908617,AAPL
2026-06-01 09:30:05.196805364-04:00,2026-06-01 13:30:05.196636164+00:00,0,2,38,T,N,0,309.35,100,128,169200,51908618,AAPL
2026-06-01 09:30:05.243878804-04:00,2026-06-01 13:30:05.243708932+00:00,0,2,38,T,N,0,309.21,100,0,169872,51918768,AAPL
2026-06-01 09:30:05.243878804-04:00,2026-06-01 13:30:05.243708932+00:00,0,2,38,T,N,0,309.19,100,0,169872,51918769,AAPL
2026-06-01 09:30:05.243878804-04:00,2026-06-01 13:30:05.243708932+00:00,0,2,38,T,A,0,309.17,13,0,169872,51918770,AAPL
2026-06-01 09:30:05.247781584-04:00,2026-06-01 13:30:05.247613303+00:00,0,2,38,T,N,0,309.34,100,0,168281,51919796,AAPL
2026-06-01 09:30:05.247781584-04:00,2026-06-01 13:30:05.247613303+00:00,0,2,38,T,N,0,309.38,20,128,168281,51919797,AAPL
2026-06-01 09:30:05.293892651-04:00,2026-06-01 13:30:05.293724525+00:00,0,2,38,T,N,0,309.21,100,0,168126,51929870,AAPL
2026-06-01 09:30:05.293892651-04:00,2026-06-01 13:30:05.293724525+00:00,0,2,38,T,N,0,309.18,100,128,168126,51929871,AAPL
2026-06-01 09:30:05.515086940-04:00,2026-06-01 13:30:05.514916849+00:00,0,2,38,T,B,0,309.31,30,0,170091,51985372,AAPL
2026-06-01 09:30:05.515086940-04:00,2026-06-01 13:30:05.514916849+00:00,0,2,38,T,B,0,309.31,120,0,170091,51985373,AAPL
2026-06-01 09:30:05.515086940-04:00,2026-06-01 13:30:05.514916849+00:00,0,2,38,T,B,0,309.31,25,0,170091,51985374,AAPL
2026-06-01 09:30:05.713450552-04:00,2026-06-01 13:30:05.713277646+00:00,0,2,38,T,N,0,309.28,10,0,172906,52037472,AAPL
2026-06-01 09:30:05.713450552-04:00,2026-06-01 13:30:05.713277646+00:00,0,2,38,T,A,0,309.26,25,0,172906,52037473,AAPL
2026-06-01 09:30:05.713450552-04:00,2026-06-01 13:30:05.713277646+00:00,0,2,38,T,A,0,309.26,40,0,172906,52037474,AAPL
2026-06-01 09:30:05.713450552-04:00,2026-06-01 13:30:05.713277646+00:00,0,2,38,T,A,0,309.26,2,0,172906,52037475,AAPL
2026-06-01 09:30:05.713450552-04:00,2026-06-01 13:30:05.713277646+00:00,0,2,38,T,A,0,309.26,14,0,172906,52037476,AAPL
2026-06-01 09:30:05.713482804-04:00,2026-06-01 13:30:05.713315025+00:00,0,2,38,T,A,0,309.26,26,0,167779,52037495,AAPL
2026-06-01 09:30:05.767489671-04:00,2026-06-01 13:30:05.767322122+00:00,0,2,38,T,N,0,309.21,3,128,167549,52049060,AAPL
2026-06-01 09:30:05.818593433-04:00,2026-06-01 13:30:05.818425479+00:00,0,2,38,T,N,0,309.2,3,128,167954,52058195,AAPL
2026-06-01 09:30:05.929438302-04:00,2026-06-01 13:30:05.929269482+00:00,0,2,38,T,A,0,309.17,1,0,168820,52089223,AAPL
2026-06-01 09:30:05.929438302-04:00,2026-06-01 13:30:05.929269482+00:00,0,2,38,T,A,0,309.17,40,0,168820,52089224,AAPL
2026-06-01 09:30:06.273207887-04:00,2026-06-01 13:30:06.273039931+00:00,0,2,38,T,A,0,309.2,3,0,167956,52172300,AAPL
2026-06-01 09:30:06.273230842-04:00,2026-06-01 13:30:06.273062137+00:00,0,2,38,T,A,0,309.19,25,0,168705,52172313,AAPL
2026-06-01 09:30:06.273273278-04:00,2026-06-01 13:30:06.273105409+00:00,0,2,38,T,A,0,309.18,25,0,167869,52172325,AAPL
2026-06-01 09:30:06.449806802-04:00,2026-06-01 13:30:06.449639171+00:00,0,2,38,T,N,0,309.05,6,128,167631,52206293,AAPL
2026-06-01 09:30:06.451916306-04:00,2026-06-01 13:30:06.451735432+00:00,0,2,38,T,A,0,309.04,160,0,180874,52206780,AAPL
2026-06-01 09:30:06.451916306-04:00,2026-06-01 13:30:06.451735432+00:00,0,2,38,T,A,0,309.04,40,0,180874,52206781,AAPL
2026-06-01 09:30:06.452033162-04:00,2026-06-01 13:30:06.451862917+00:00,0,2,38,T,A,0,309.03,2,0,170245,52206814,AAPL
2026-06-01 09:30:06.452033162-04:00,2026-06-01 13:30:06.451862917+00:00,0,2,38,T,A,0,309.03,21,0,170245,52206815,AAPL
2026-06-01 09:30:06.452051292-04:00,2026-06-01 13:30:06.451883648+00:00,0,2,38,T,A,0,309.03,40,0,167644,52206825,AAPL
2026-06-01 09:30:06.452056412-04:00,2026-06-01 13:30:06.451886033+00:00,0,2,38,T,A,0,309.03,139,0,170379,52206826,AAPL
2026-06-01 09:30:06.452056412-04:00,2026-06-01 13:30:06.451886033+00:00,0,2,38,T,A,0,309.03,1,0,170379,52206827,AAPL
2026-06-01 09:30:06.452056412-04:00,2026-06-01 13:30:06.451886033+00:00,0,2,38,T,A,0,309.03,36,0,170379,52206828,AAPL
2026-06-01 09:30:06.452085272-04:00,2026-06-01 13:30:06.451912292+00:00,0,2,38,T,A,0,309.02,1,0,172980,52206835,AAPL
2026-06-01 09:30:06.452085272-04:00,2026-06-01 13:30:06.451912292+00:00,0,2,38,T,A,0,309.02,1,0,172980,52206836,AAPL
2026-06-01 09:30:06.452085272-04:00,2026-06-01 13:30:06.451912292+00:00,0,2,38,T,A,0,309.02,1,0,172980,52206837,AAPL
2026-06-01 09:30:06.452085272-04:00,2026-06-01 13:30:06.451912292+00:00,0,2,38,T,A,0,309.02,40,0,172980,52206838,AAPL
2026-06-01 09:30:06.457672890-04:00,2026-06-01 13:30:06.457501933+00:00,0,2,38,T,A,0,309.01,100,0,170957,52207992,AAPL
2026-06-01 09:30:06.457672890-04:00,2026-06-01 13:30:06.457501933+00:00,0,2,38,T,A,0,309.01,1,0,170957,52207993,AAPL
2026-06-01 09:30:06.457672890-04:00,2026-06-01 13:30:06.457501933+00:00,0,2,38,T,A,0,309.01,10,0,170957,52207994,AAPL
2026-06-01 09:30:06.457672890-04:00,2026-06-01 13:30:06.457501933+00:00,0,2,38,T,A,0,309.01,5,0,170957,52207995,AAPL
2026-06-01 09:30:06.462336695-04:00,2026-06-01 13:30:06.462163633+00:00,0,2,38,T,A,0,309.0,1,0,173062,52208936,AAPL
2026-06-01 09:30:06.462336695-04:00,2026-06-01 13:30:06.462163633+00:00,0,2,38,T,A,0,309.0,15,0,173062,52208937,AAPL
2026-06-01 09:30:06.462336695-04:00,2026-06-01 13:30:06.462163633+00:00,0,2,38,T,A,0,309.0,3,0,173062,52208938,AAPL
2026-06-01 09:30:06.462336695-04:00,2026-06-01 13:30:06.462163633+00:00,0,2,38,T,A,0,309.0,4,0,173062,52208939,AAPL
2026-06-01 09:30:06.462336695-04:00,2026-06-01 13:30:06.462163633+00:00,0,2,38,T,A,0,309.0,17,0,173062,52208940,AAPL
2026-06-01 09:30:06.464131844-04:00,2026-06-01 13:30:06.463961863+00:00,0,2,38,T,A,0,309.0,23,0,169981,52209333,AAPL
2026-06-01 09:30:06.464131844-04:00,2026-06-01 13:30:06.463961863+00:00,0,2,38,T,A,0,309.0,10,0,169981,52209334,AAPL
2026-06-01 09:30:06.464131844-04:00,2026-06-01 13:30:06.463961863+00:00,0,2,38,T,A,0,309.0,1,0,169981,52209335,AAPL
2026-06-01 09:30:06.464135015-04:00,2026-06-01 13:30:06.463961863+00:00,0,2,38,T,A,0,309.0,2,0,173152,52209336,AAPL
2026-06-01 09:30:06.464135015-04:00,2026-06-01 13:30:06.463961863+00:00,0,2,38,T,A,0,309.0,40,0,173152,52209337,AAPL
2026-06-01 09:30:06.464135015-04:00,2026-06-01 13:30:06.463961863+00:00,0,2,38,T,A,0,309.0,10,0,173152,52209338,AAPL
2026-06-01 09:30:06.464135015-04:00,2026-06-01 13:30:06.463961863+00:00,0,2,38,T,A,0,309.0,10,0,173152,52209339,AAPL
2026-06-01 09:30:06.464135015-04:00,2026-06-01 13:30:06.463961863+00:00,0,2,38,T,A,0,309.0,20,0,173152,52209340,AAPL
2026-06-01 09:30:06.464137923-04:00,2026-06-01 13:30:06.463961863+00:00,0,2,38,T,A,0,309.0,39,0,176060,52209341,AAPL
2026-06-01 09:30:06.464137923-04:00,2026-06-01 13:30:06.463961863+00:00,0,2,38,T,A,0,309.0,45,0,176060,52209342,AAPL
2026-06-01 09:30:06.464137923-04:00,2026-06-01 13:30:06.463961863+00:00,0,2,38,T,A,0,309.0,1,0,176060,52209343,AAPL
2026-06-01 09:30:06.464137923-04:00,2026-06-01 13:30:06.463961863+00:00,0,2,38,T,A,0,309.0,25,0,176060,52209344,AAPL
2026-06-01 09:30:06.464137923-04:00,2026-06-01 13:30:06.463961863+00:00,0,2,38,T,A,0,309.0,31,0,176060,52209345,AAPL
2026-06-01 09:30:06.464143341-04:00,2026-06-01 13:30:06.463961863+00:00,0,2,38,T,A,0,309.0,1,0,181478,52209346,AAPL
2026-06-01 09:30:06.464143341-04:00,2026-06-01 13:30:06.463961863+00:00,0,2,38,T,A,0,309.0,7,0,181478,52209347,AAPL
2026-06-01 09:30:06.464143341-04:00,2026-06-01 13:30:06.463961863+00:00,0,2,38,T,A,0,309.0,2,0,181478,52209348,AAPL
2026-06-01 09:30:06.464143341-04:00,2026-06-01 13:30:06.463961863+00:00,0,2,38,T,A,0,309.0,6,0,181478,52209349,AAPL
2026-06-01 09:30:06.464143341-04:00,2026-06-01 13:30:06.463961863+00:00,0,2,38,T,A,0,309.0,42,0,181478,52209350,AAPL
2026-06-01 09:30:06.464143341-04:00,2026-06-01 13:30:06.463961863+00:00,0,2,38,T,A,0,309.0,1,0,181478,52209351,AAPL
2026-06-01 09:30:06.464143341-04:00,2026-06-01 13:30:06.463961863+00:00,0,2,38,T,A,0,309.0,3,0,181478,52209352,AAPL
2026-06-01 09:30:06.464143341-04:00,2026-06-01 13:30:06.463961863+00:00,0,2,38,T,A,0,309.0,1,0,181478,52209353,AAPL
2026-06-01 09:30:06.464143341-04:00,2026-06-01 13:30:06.463961863+00:00,0,2,38,T,A,0,309.0,10,0,181478,52209354,AAPL
2026-06-01 09:30:06.464143341-04:00,2026-06-01 13:30:06.463961863+00:00,0,2,38,T,A,0,309.0,1,0,181478,52209355,AAPL
2026-06-01 09:30:06.464152655-04:00,2026-06-01 13:30:06.463961863+00:00,0,2,38,T,A,0,309.0,5,0,190792,52209356,AAPL
2026-06-01 09:30:06.464152655-04:00,2026-06-01 13:30:06.463961863+00:00,0,2,38,T,A,0,309.0,1,0,190792,52209357,AAPL
2026-06-01 09:30:06.464152655-04:00,2026-06-01 13:30:06.463961863+00:00,0,2,38,T,A,0,309.0,1,0,190792,52209358,AAPL
2026-06-01 09:30:06.464152655-04:00,2026-06-01 13:30:06.463961863+00:00,0,2,38,T,A,0,309.0,24,0,190792,52209359,AAPL
2026-06-01 09:30:06.464152655-04:00,2026-06-01 13:30:06.463961863+00:00,0,2,38,T,A,0,309.0,30,0,190792,52209360,AAPL
2026-06-01 09:30:06.464152655-04:00,2026-06-01 13:30:06.463961863+00:00,0,2,38,T,A,0,309.0,2,0,190792,52209361,AAPL
2026-06-01 09:30:06.464152655-04:00,2026-06-01 13:30:06.463961863+00:00,0,2,38,T,A,0,309.0,1,0,190792,52209362,AAPL
2026-06-01 09:30:06.464152655-04:00,2026-06-01 13:30:06.463961863+00:00,0,2,38,T,A,0,309.0,3,0,190792,52209363,AAPL
2026-06-01 09:30:06.464152655-04:00,2026-06-01 13:30:06.463961863+00:00,0,2,38,T,A,0,309.0,3,0,190792,52209364,AAPL
2026-06-01 09:30:06.464152655-04:00,2026-06-01 13:30:06.463961863+00:00,0,2,38,T,A,0,309.0,1,0,190792,52209365,AAPL
2026-06-01 09:30:06.464152655-04:00,2026-06-01 13:30:06.463961863+00:00,0,2,38,T,A,0,309.0,2,0,190792,52209366,AAPL
2026-06-01 09:30:06.464152655-04:00,2026-06-01 13:30:06.463961863+00:00,0,2,38,T,A,0,309.0,1,0,190792,52209367,AAPL
2026-06-01 09:30:06.464152655-04:00,2026-06-01 13:30:06.463961863+00:00,0,2,38,T,A,0,309.0,4,0,190792,52209368,AAPL
2026-06-01 09:30:06.464152655-04:00,2026-06-01 13:30:06.463961863+00:00,0,2,38,T,A,0,309.0,5,0,190792,52209369,AAPL
2026-06-01 09:30:06.464152655-04:00,2026-06-01 13:30:06.463961863+00:00,0,2,38,T,A,0,309.0,15,0,190792,52209370,AAPL
2026-06-01 09:30:06.464159007-04:00,2026-06-01 13:30:06.463961863+00:00,0,2,38,T,A,0,309.0,5,0,197144,52209371,AAPL
2026-06-01 09:30:06.464159007-04:00,2026-06-01 13:30:06.463961863+00:00,0,2,38,T,A,0,309.0,1,0,197144,52209372,AAPL
2026-06-01 09:30:06.464159007-04:00,2026-06-01 13:30:06.463961863+00:00,0,2,38,T,A,0,309.0,1,0,197144,52209373,AAPL
2026-06-01 09:30:06.464159007-04:00,2026-06-01 13:30:06.463961863+00:00,0,2,38,T,A,0,309.0,3,0,197144,52209374,AAPL
2026-06-01 09:30:06.464159007-04:00,2026-06-01 13:30:06.463961863+00:00,0,2,38,T,N,0,309.0,2,0,197144,52209375,AAPL
2026-06-01 09:30:06.464159007-04:00,2026-06-01 13:30:06.463961863+00:00,0,2,38,T,N,0,309.0,30,0,197144,52209376,AAPL
2026-06-01 09:30:06.464159007-04:00,2026-06-01 13:30:06.463961863+00:00,0,2,38,T,N,0,309.0,150,0,197144,52209377,AAPL
2026-06-01 09:30:06.464159007-04:00,2026-06-01 13:30:06.463961863+00:00,0,2,38,T,N,0,309.0,5,0,197144,52209378,AAPL
2026-06-01 09:30:06.464159007-04:00,2026-06-01 13:30:06.463961863+00:00,0,2,38,T,N,0,309.0,1,0,197144,52209379,AAPL
2026-06-01 09:30:06.464159007-04:00,2026-06-01 13:30:06.463961863+00:00,0,2,38,T,N,0,309.0,1,0,197144,52209380,AAPL
2026-06-01 09:30:06.464159007-04:00,2026-06-01 13:30:06.463961863+00:00,0,2,38,T,N,0,309.0,75,0,197144,52209381,AAPL
2026-06-01 09:30:06.464159007-04:00,2026-06-01 13:30:06.463961863+00:00,0,2,38,T,N,0,309.0,30,0,197144,52209382,AAPL
2026-06-01 09:30:06.464159007-04:00,2026-06-01 13:30:06.463961863+00:00,0,2,38,T,N,0,309.0,2,0,197144,52209383,AAPL
2026-06-01 09:30:06.464159007-04:00,2026-06-01 13:30:06.463961863+00:00,0,2,38,T,N,0,309.0,1,0,197144,52209384,AAPL
2026-06-01 09:30:06.464159007-04:00,2026-06-01 13:30:06.463961863+00:00,0,2,38,T,A,0,309.0,1,0,197144,52209385,AAPL
2026-06-01 09:30:06.464166615-04:00,2026-06-01 13:30:06.463961863+00:00,0,2,38,T,N,0,309.0,1,0,204752,52209386,AAPL
2026-06-01 09:30:06.464166615-04:00,2026-06-01 13:30:06.463961863+00:00,0,2,38,T,A,0,309.0,2,0,204752,52209387,AAPL
2026-06-01 09:30:06.464166615-04:00,2026-06-01 13:30:06.463961863+00:00,0,2,38,T,N,0,309.0,5,0,204752,52209388,AAPL
2026-06-01 09:30:06.464166615-04:00,2026-06-01 13:30:06.463961863+00:00,0,2,38,T,N,0,309.0,140,0,204752,52209389,AAPL
2026-06-01 09:30:06.464166615-04:00,2026-06-01 13:30:06.463961863+00:00,0,2,38,T,N,0,309.0,2,0,204752,52209390,AAPL
2026-06-01 09:30:06.464166615-04:00,2026-06-01 13:30:06.463961863+00:00,0,2,38,T,N,0,309.0,1,0,204752,52209391,AAPL
2026-06-01 09:30:06.464166615-04:00,2026-06-01 13:30:06.463961863+00:00,0,2,38,T,N,0,309.0,5,0,204752,52209392,AAPL
2026-06-01 09:30:06.464166615-04:00,2026-06-01 13:30:06.463961863+00:00,0,2,38,T,N,0,309.0,2,0,204752,52209393,AAPL
2026-06-01 09:30:06.464166615-04:00,2026-06-01 13:30:06.463961863+00:00,0,2,38,T,A,0,309.0,1,0,204752,52209394,AAPL
2026-06-01 09:30:06.464166615-04:00,2026-06-01 13:30:06.463961863+00:00,0,2,38,T,N,0,309.0,10,0,204752,52209395,AAPL
2026-06-01 09:30:06.464166615-04:00,2026-06-01 13:30:06.463961863+00:00,0,2,38,T,N,0,309.0,1,0,204752,52209396,AAPL
2026-06-01 09:30:06.464166615-04:00,2026-06-01 13:30:06.463961863+00:00,0,2,38,T,N,0,309.0,10,0,204752,52209397,AAPL
2026-06-01 09:30:06.464166615-04:00,2026-06-01 13:30:06.463961863+00:00,0,2,38,T,N,0,309.0,50,0,204752,52209398,AAPL
2026-06-01 09:30:06.464166615-04:00,2026-06-01 13:30:06.463961863+00:00,0,2,38,T,N,0,309.0,1,0,204752,52209399,AAPL
2026-06-01 09:30:06.464166615-04:00,2026-06-01 13:30:06.463961863+00:00,0,2,38,T,N,0,309.0,20,128,204752,52209400,AAPL
2026-06-01 09:30:06.464174218-04:00,2026-06-01 13:30:06.463961863+00:00,0,2,38,T,N,0,309.0,1,0,212355,52209401,AAPL
2026-06-01 09:30:06.464174218-04:00,2026-06-01 13:30:06.463961863+00:00,0,2,38,T,N,0,309.0,100,0,212355,52209402,AAPL
2026-06-01 09:30:06.464174218-04:00,2026-06-01 13:30:06.463961863+00:00,0,2,38,T,N,0,309.0,16,0,212355,52209403,AAPL
2026-06-01 09:30:06.464174218-04:00,2026-06-01 13:30:06.463961863+00:00,0,2,38,T,N,0,309.0,12,0,212355,52209404,AAPL
2026-06-01 09:30:06.464174218-04:00,2026-06-01 13:30:06.463961863+00:00,0,2,38,T,A,0,309.0,1,0,212355,52209405,AAPL
2026-06-01 09:30:06.464174218-04:00,2026-06-01 13:30:06.463961863+00:00,0,2,38,T,N,0,309.0,1000,0,212355,52209406,AAPL
2026-06-01 09:30:06.464174218-04:00,2026-06-01 13:30:06.463961863+00:00,0,2,38,T,N,0,309.0,5,0,212355,52209407,AAPL
2026-06-01 09:30:06.464174218-04:00,2026-06-01 13:30:06.463961863+00:00,0,2,38,T,N,0,309.0,1,0,212355,52209408,AAPL
2026-06-01 09:30:06.464174218-04:00,2026-06-01 13:30:06.463961863+00:00,0,2,38,T,N,0,309.0,1,0,212355,52209409,AAPL
2026-06-01 09:30:06.464174218-04:00,2026-06-01 13:30:06.463961863+00:00,0,2,38,T,N,0,309.0,21,0,212355,52209410,AAPL
2026-06-01 09:30:06.464174218-04:00,2026-06-01 13:30:06.463961863+00:00,0,2,38,T,N,0,309.0,1,0,212355,52209411,AAPL
2026-06-01 09:30:06.464174218-04:00,2026-06-01 13:30:06.463961863+00:00,0,2,38,T,A,0,309.0,8,0,212355,52209412,AAPL
2026-06-01 09:30:06.464174218-04:00,2026-06-01 13:30:06.463961863+00:00,0,2,38,T,N,0,309.0,31,0,212355,52209413,AAPL
2026-06-01 09:30:06.464174218-04:00,2026-06-01 13:30:06.463961863+00:00,0,2,38,T,N,0,309.0,250,0,212355,52209414,AAPL
2026-06-01 09:30:06.464174218-04:00,2026-06-01 13:30:06.463961863+00:00,0,2,38,T,N,0,309.0,341,128,212355,52209415,AAPL
2026-06-01 09:30:06.464179030-04:00,2026-06-01 13:30:06.463961863+00:00,0,2,38,T,N,0,309.0,3,0,217167,52209416,AAPL
2026-06-01 09:30:06.464179030-04:00,2026-06-01 13:30:06.463961863+00:00,0,2,38,T,N,0,309.0,1,0,217167,52209417,AAPL
2026-06-01 09:30:06.464179030-04:00,2026-06-01 13:30:06.463961863+00:00,0,2,38,T,N,0,309.0,10,0,217167,52209418,AAPL
2026-06-01 09:30:06.464179030-04:00,2026-06-01 13:30:06.463961863+00:00,0,2,38,T,N,0,309.0,1,0,217167,52209419,AAPL
2026-06-01 09:30:06.464179030-04:00,2026-06-01 13:30:06.463961863+00:00,0,2,38,T,N,0,309.0,5,0,217167,52209420,AAPL
2026-06-01 09:30:06.464179030-04:00,2026-06-01 13:30:06.463961863+00:00,0,2,38,T,N,0,309.0,1,0,217167,52209421,AAPL
2026-06-01 09:30:06.464179030-04:00,2026-06-01 13:30:06.463961863+00:00,0,2,38,T,N,0,309.0,1,128,217167,52209422,AAPL
2026-06-01 09:30:06.464185025-04:00,2026-06-01 13:30:06.464008665+00:00,0,2,38,T,N,0,309.0,4,0,176360,52209436,AAPL
2026-06-01 09:30:06.464185025-04:00,2026-06-01 13:30:06.464008665+00:00,0,2,38,T,A,0,309.0,1,0,176360,52209437,AAPL
2026-06-01 09:30:06.464185025-04:00,2026-06-01 13:30:06.464008665+00:00,0,2,38,T,A,0,309.0,100,0,176360,52209438,AAPL
2026-06-01 09:30:06.464185025-04:00,2026-06-01 13:30:06.464008665+00:00,0,2,38,T,N,0,309.0,1,128,176360,52209439,AAPL
2026-06-01 09:30:06.464192758-04:00,2026-06-01 13:30:06.464008665+00:00,0,2,38,T,N,0,309.0,1,0,184093,52209440,AAPL
2026-06-01 09:30:06.464192758-04:00,2026-06-01 13:30:06.464008665+00:00,0,2,38,T,N,0,309.0,8,0,184093,52209441,AAPL
2026-06-01 09:30:06.464192758-04:00,2026-06-01 13:30:06.464008665+00:00,0,2,38,T,N,0,309.0,100,0,184093,52209442,AAPL
2026-06-01 09:30:06.464192758-04:00,2026-06-01 13:30:06.464008665+00:00,0,2,38,T,N,0,309.0,4,0,184093,52209443,AAPL
2026-06-01 09:30:06.464192758-04:00,2026-06-01 13:30:06.464008665+00:00,0,2,38,T,A,0,309.0,14,0,184093,52209444,AAPL
2026-06-01 09:30:06.464192758-04:00,2026-06-01 13:30:06.464008665+00:00,0,2,38,T,N,0,309.0,1,0,184093,52209445,AAPL
2026-06-01 09:30:06.464192758-04:00,2026-06-01 13:30:06.464008665+00:00,0,2,38,T,N,0,309.0,10,0,184093,52209446,AAPL
